Date,Open,High,Low,Close,Volume,OH_ratio,OL_ratio,CH_ratio,CL_ratio,Price_Change,Returns,Day_Range,Mean_5,Std_5,Z_Score_5,Skew_5,Kurt_5,Z_score_5,Mean_20,Std_20,Z_Score_20,Skew_20,Kurt_20,Z_score_20,Mean_50,Std_50,Z_Score_50,Skew_50,Kurt_50,Z_score_50,Mean_100,Std_100,Z_Score_100,Skew_100,Kurt_100,Z_score_100,Mean_200,Std_200,Z_Score_200,Skew_200,Kurt_200,Z_score_200,Parkinson_Vol_5,GK_Vol_5,YZ_Vol_5,Parkinson_Vol_20,GK_Vol_20,YZ_Vol_20,Parkinson_Vol_50,GK_Vol_50,YZ_Vol_50,Parkinson_Vol_100,GK_Vol_100,YZ_Vol_100,Parkinson_Vol_200,GK_Vol_200,YZ_Vol_200,Returns_Slope_5,Returns_MSE_5,Returns_Slope_20,Returns_MSE_20,Returns_Slope_50,Returns_MSE_50,Returns_Slope_100,Returns_MSE_100,Returns_Slope_200,Returns_MSE_200,Acceleration,Jerk,Sigma,Volatility_Velocity,Acceleration_SG,Jerk_SG,Volatility_Velocity_SG
2025-10-24,1165.0,1190.0,1129.0999755859375,1140.5,4728110.0,-0.0214592274678111,0.0308154716000536,-0.0434020166593599,0.0099956373643686,-0.0210300429184549,,0.0539367865830117,,,,,,,,,,,,,,,,,,,,,,,,,,,,,,,,,,,,,,,,,,,,,,,,,,,,,,,,,,,,,,
2025-10-27,1140.5,1143.9000244140625,1102.5,1113.5999755859375,418322.0,-0.0029811700254822,0.0333187198597106,-0.0272090961677528,0.0099676507087718,-0.0235861678334612,-0.0235861678334612,0.0375510425524376,,,,,,,,,,,,,,,,,,,,,,,,,,,,,,,,,,,,,,,,,,,,,,,,,,,,,,,,,,,,,,
2025-10-28,1105.0,1110.800048828125,1048.5,1061.0999755859375,448570.0,-0.0052489129666289,0.051131221719457,-0.0468382568897367,0.0118744471546894,-0.0397285288815045,-0.0471443975852965,0.0594182630692656,,,,,,,,,,,,,,,,,,,,,,,,,,,,,,,,,,,,,,,,,,,,,,,,,,,,,,,,-0.023558229751835302,,,,0.012210904864122909,,
2025-10-29,1061.0999755859375,1095.0,1061.0999755859375,1089.9000244140625,246303.0,-0.0319480022561898,0.0,-0.004679305873655,0.0264244868180529,0.027141692103255,0.027141692103255,0.0319480022561898,,,,,,,,,,,,,,,,,,,,,,,,,,,,,,,,,,,,,,,,,,,,,,,,,,,,,,,,0.07428608968855151,0.09784431944038681,,,0.010246043708584982,0.05354725736989116,
2025-10-30,1100.0,1149.0,1095.5,1141.0999755859375,329815.0,-0.0445454545454545,0.004090909090909,-0.0069231658777364,0.0399614201748822,0.037363614169034,0.0469767410083328,0.0488361478776814,,,,,,,,,,,,,,,,,,,,,,,,,,,,,,,0.0277984335597052,0.0265708293831381,,,,,,,,,,,,,,,,,,,,,,,,0.019835048905077802,-0.05445104078347371,,,0.0070029526946771906,0.007441009457083619,
2025-10-31,1133.0,1166.699951171875,1133.0,1151.199951171875,257627.0,-0.0297439992690864,0.0,-0.0134642118289022,0.0158095482486323,0.0160635050060679,0.0088510873736118,0.0297439992690864,0.0024477910132883,0.0379827938881943,0.1685841325725568,-0.2737154965342789,-1.5060123262021368,0.1685841325725568,,,,,,,,,,,,,,,,,,,,,,,,,0.025212212589799,0.0230484977622456,0.0241920326259862,,,,,,,,,,,,,0.0158995649007775,0.0006485617771743,,,,,,,,,-0.038125653634721,-0.057960702539798806,,,0.0031322454242612516,-0.01631665618502004,
2025-11-03,1150.0,1158.0,1115.9000244140625,1133.0999755859375,108102.0,-0.0069565217391304,0.0296521526834239,-0.0219751345429042,0.0151795530336859,-0.0146956734035326,-0.0157227035733561,0.0377273722240873,0.0040204838653093,0.0367790822767074,-0.5368047873007725,-0.4179120552279302,-0.6929885689232643,-0.5368047873007725,,,,,,,,,,,,,,,,,,,,,,,,,0.0252301702813819,0.023655257431471,0.0246176509635315,,,,,,,,,,,,,0.0044552783294237,0.0010424617045081,,,,,,,,,-0.024573790946967898,0.013551862687753102,,,-0.0007154645008011114,-0.02297122163403617,
2025-11-04,1138.9000244140625,1157.0,1102.5999755859375,1117.199951171875,113357.0,-0.0158925061005679,0.0318729019667907,-0.0356248214890961,0.0130683639670973,-0.0190535365501916,-0.0140323226164049,0.0493379517672794,0.0106428988590877,0.026923876015211,-0.916481024557981,0.4077560410311128,-1.6465689543812647,-0.916481024557981,,,,,,,,,,,,,,,,,,,,,,,,,0.0237390464972538,0.0235949785660882,0.0238855813817956,,,,,,,,,,,,,-0.0145047474021008,0.0001591406853484,,,,,,,,,0.0016903809569512006,0.0262641719039191,,,-0.0038895634786481835,-0.01776816896758121,
2025-11-05,1117.199951171875,1117.199951171875,1117.199951171875,1117.199951171875,0.0,0.0,0.0,0.0,0.0,0.0,0.0,0.0,0.0052145604384367,0.0254622624009299,-0.204795644484689,1.424440997273219,2.0282583908510503,-0.204795644484689,,,,,,,,,,,,,,,,,,,,,,,,,0.0221856139693028,0.0226545964372228,0.023096705062947,,,,,,,,,,,,,-0.0116836892006682,0.0002456442585834,,,,,,,,,0.0140323226164049,0.012341941659453699,,,-0.009842543741919414,-0.005952980263271233,
2025-11-06,1108.0999755859375,1113.0,1081.0999755859375,1089.300048828125,73180.0,-0.0044220057052807,0.0243660324834165,-0.0217570459097762,0.0075278370280155,-0.0169659120765448,-0.0249730608334566,0.0295070068767444,-0.0091753999299211,0.0134644456011317,-1.173287142413615,0.3913109267387289,-1.2545298880686306,-1.173287142413615,,,,,,,,,,,,,,,,,,,,,,,,,0.019728269397035,0.0212552393684984,0.0213257960247004,,,,,,,,,,,,,-0.005192559284078,9.110769243933808e-05,,,,,,,,,-0.0249730608334566,-0.0390053834498615,,,-0.0048532685199515,0.004989275221967914,
2025-11-07,1078.5999755859375,1125.0,1070.4000244140625,1116.5,79774.0,-0.0430187515893982,0.0076024025194516,-0.0076130765785938,0.0412897228714173,0.0351381654662783,0.0249701183811905,0.051008944638081,-0.0059515937284054,0.0194561219509998,1.589305010909786,1.2126073806993796,1.244796772155856,1.589305010909786,,,,,,,,,,,,,,,,,,,,,,,,,0.0224894810100455,0.0232565029516253,0.023253868729636,,,,,,,,,,,,,0.0070444905692041,0.0002035828503385,,,,,,,,,0.049943179214647096,0.0749162400481037,,,0.004481942949771482,0.00933521146972298,
2025-11-10,1127.9000244140625,1129.800048828125,1093.5999755859375,1098.9000244140625,64701.0,-0.0016845681114773,0.0304105400174485,-0.0281190497111313,0.0048230491494901,-0.0257114986898465,-0.0157635249314262,0.0331017502289097,-0.0059597580000194,0.0194612550889118,-0.5037582050395399,1.2130819642422934,1.242484263545035,-0.5037582050395399,,,,,,,,,,,,,,,,,,,,,,,,,0.0219851796128613,0.0217781210190305,0.0226568436921897,,,,,,,,,,,,,0.0021507713751147,0.0002937407246925,,,,,,,,,-0.040733643312616696,-0.09067682252726379,,,0.002861029855156809,-0.0016209130946146725,
2025-11-11,1105.0,1132.0,1094.0,1106.0,79576.0,-0.0244343891402714,0.0099547511312217,-0.023508137432188,0.0108499095840868,0.0009049773755656,0.0064609841006448,0.0347349177330895,-0.0018610966566094,0.0194940709534236,0.4269031736438204,0.273708829706088,-0.67929932792768,0.4269031736438204,,,,,,,,,,,,,,,,,,,,,,,,,0.0200036392540863,0.0196843055670705,0.0212980270128965,,,,,,,,,,,,,0.002213150410332,0.0002942189723921,,,,,,,,,0.022224509032071002,0.0629581523446877,,,0.014658318114612812,0.011797288259456005,
2025-11-12,1106.0,1129.9000244140625,1091.5999755859375,1097.800048828125,35786.0,-0.0216094253291704,0.0130199135751017,-0.0292402752397428,0.005647725420313,-0.0074140607340641,-0.0074140607340641,0.0350861576444857,-0.0033439088034223,0.019598809143128,-0.2076734306109068,0.6387038307660988,-0.4186372824422217,-0.2076734306109068,,,,,,,,,,,,,,,,,,,,,,,,,0.0220437672333594,0.0224078696872343,0.0239956803547273,,,,,,,,,,,,,0.0016608865918239,0.0003017735673212,,,,,,,,,-0.0138750448347089,-0.036099553866779904,,,0.01418871432349327,-0.0004696037911195419,
2025-11-13,1130.0,1140.699951171875,1106.0,1127.9000244140625,114880.0,-0.0094689833379424,0.0212389380530973,-0.0113484586228836,0.0194166361734404,-0.0018583854742809,0.0274184498516543,0.0313742777322558,0.0071343933335998,0.0191440701878327,1.0595477512899156,-0.0632938491921073,-2.507602517442438,1.0595477512899156,,,,,,,,,,,,,,,,,,,,,,,,,0.0222208687197036,0.0231372976918463,0.0272760010628055,,,,,,,,,,,,,0.0013246127138289,0.000289687141002,,,,,,,,,0.0348325105857184,0.048707555420427304,,,0.000716564804449309,-0.013472149519043963,
2025-11-14,1140.0,1184.0,1140.0,1172.4000244140625,309669.0,-0.0385964912280701,0.0,-0.009894213019771,0.0276356394910988,0.0284210740474232,0.0394538514378679,0.0385964912280701,0.0100311399449353,0.0231865277313978,1.268957207986346,0.274428272061396,-2.0476824725485456,1.268957207986346,,,,,,,,,,,,,,,,,,,,,,,,,0.0204616047711044,0.0215105514035146,0.0244121342441467,,,,,,,,,,,,,0.0131392218489597,8.481375299874053e-05,,,,,,,,,0.0120354015862136,-0.022797108999504802,,,0.00019389029782510356,-0.0005226745066242061,
2025-11-17,1171.0,1289.5999755859375,1171.0,1273.5999755859375,754545.0,-0.1012809355985802,0.0,-0.0125628143111725,0.0805590276010604,0.0876174001587852,0.0863186191269931,0.1012809355985802,0.0304475687566192,0.0361272825912489,1.546505753076137,0.9458007690117998,0.9058421700692112,1.546505753076137,,,,,,,,,,,,,,,,,,,,,,,,,0.0318363222876333,0.0281920613818626,0.0305150298296887,,,,,,,,,,,,,0.0206583182224628,0.0001906122143812,,,,,,,,,0.046864767689125196,0.034829366102911596,,,0.0017261639109410658,0.0015322736131159604,
2025-11-18,1289.9000244140625,1319.699951171875,1247.5,1272.800048828125,338894.0,-0.0231025088718399,0.0328707834805435,-0.0368478162669234,0.0198774731753183,-0.0132568224376188,-0.0006280832075585,0.0578757123622244,0.0290297552949785,0.0374199516173934,-0.7925675266974851,0.9117962539191882,0.4925263711582464,-0.7925675266974851,,,,,,,,,,,,,,,,,,,,,,,,,0.0340263529442807,0.0313218209519992,0.0331249289796105,,,,,,,,,,,,,0.0072472124328349,0.0010151580471451,,,,,,,,,-0.0869467023345516,-0.1338114700236768,,,-0.01016633518524503,-0.011892499096186091,
2025-11-19,1266.0,1266.300048828125,1202.800048828125,1209.699951171875,131645.0,-0.0002370053934636,0.0499209724896327,-0.0467885425649721,0.0057038130298888,-0.0444708126604462,-0.049575813352888,0.052793479732452,0.0205974047712137,0.0502398550334041,-1.3967639452272322,-0.2110313507553463,0.4832965307230263,-1.3967639452272322,,,,,,,,,,,,,,,,,,,,,,,,,0.0355378259719804,0.0311644244903677,0.0339797770615129,,,,,,,,,,,,,-0.0194070461054511,0.0012659675499437,,,,,,,,,-0.0489477301453295,0.037998972189222095,,,-0.009536684089747186,0.000629651095497839,
2025-11-20,1229.0,1253.699951171875,1203.0,1240.300048828125,93496.0,-0.0200976006280512,0.0211554109031733,-0.0108037586198683,0.0300734075301918,0.0091945067763425,0.0252956095655014,0.0421445978153574,0.0201728367139831,0.0501767309547797,0.1020945915375602,-0.1702249687394819,0.5063033629523256,0.1020945915375602,,,,,,,,,,,,,,,,,,,,,,,,,0.0362907922106415,0.0322489365619499,0.0333808343048806,0.0272614477225146,0.0261396376628378,,,,,,,,,,,-0.0164210916224614,0.0014748589633001,,,,,,,,,0.0748714229183894,0.1238191530637189,,,-0.020159265216073693,-0.0106225811263265,
2025-11-21,1240.300048828125,1264.0999755859375,1205.0999755859375,1210.5999755859375,92949.0,-0.0191888461024406,0.0283802885240919,-0.0441929630587557,0.0045432018097786,-0.0239458776690761,-0.0239458776690761,0.0489585936397628,0.0074928908925943,0.0520615395880153,-0.6038770426395111,0.8207455349595734,0.5581025806918033,-0.6038770426395111,0.0035050570306031,0.0332630681105213,-0.825267669490669,0.6032019229976631,0.5926816957585868,-0.825267669490669,,,,,,,,,,,,,,,,,,,0.0371264134699089,0.033768835026214,0.0351261728064284,0.0271038754919012,0.0258608595146512,0.0272895542768248,,,,,,,,,,-0.0194605300819078,0.0014108986612819,0.0008348915620467,0.0010279334047663,,,,,,,-0.0492414872345775,-0.1241129101529669,0.033263068110521314,,-0.0027592934848101403,0.017399971731263546,
2025-11-24,1221.5999755859375,1225.199951171875,1168.5,1184.0,51436.0,-0.0029469348869385,0.0434675643804496,-0.0347972560573268,0.0130912162162162,-0.0307792864582391,-0.0219725558585633,0.0485237066083654,-0.0141653441045169,0.0280666039168862,-0.2781673114839964,0.3414027068714964,0.145289539655599,-0.2781673114839964,0.003585737629348,0.0331957879454711,-0.7699257969081675,0.6041237163408908,0.6119983346130142,-0.7699257969081675,,,,,,,,,,,,,,,,,,,0.0294779627515782,0.030060250884404,0.0297902558255973,0.0273971317833765,0.0261355541717634,0.0275777236546355,,,,,,,,,,-0.0017059009618197,0.0006243672081588,4.3169481565882914e-05,0.001046800355617,,,,,,,0.0019733218105127993,0.05121480904509029,0.03319578794547114,-6.728016505017087e-05,0.014009503939310027,0.016768797424120165,-0.0013219720588593682
2025-11-25,1184.9000244140625,1215.5,1180.5999755859375,1187.699951171875,45225.0,-0.0258249429955656,0.0036290393615709,-0.0234066262280261,0.0059779202473925,0.0023630067517274,0.0031249587600294,0.0295612613381102,-0.0134147357109993,0.0285649133442708,0.5790213424311372,0.2404778840106116,-0.4001827566306583,0.5790213424311372,0.0060992054466143,0.0309817957567909,-0.0959998158251664,0.7287978003704461,1.066255040845841,-0.0959998158251664,,,,,,,,,,,,,,,,,,,0.0264920576580425,0.0261776452717892,0.0271247755499913,0.026567412960487,0.025546626386456,0.0270325276625675,,,,,,,,,,0.005813337880177,0.0005851736248743,-0.0007644152086781,0.0008924490920753,,,,,,,0.025097514618592703,0.023124192808079903,0.030981795756790952,-0.002213992188680191,0.024962496341014342,0.010952992401704317,-6.644896305765813e-08
2025-11-26,1187.300048828125,1238.0,1187.300048828125,1198.4000244140625,57484.0,-0.0427018858644167,0.0,-0.033044037699598,0.0092623292388237,0.0093489220327189,0.0090090710466308,0.0427018858644167,-0.0016977588310955,0.0210510269032335,0.5086131867553577,0.0742069350654295,-1.8983668427379936,0.5086131867553577,0.0051925743937831,0.0305965281602778,0.1247362652669362,0.8365072186299323,1.4017300160972406,0.1247362652669362,,,,,,,,,,,,,,,,,,,0.0252394874081401,0.0273610215720766,0.0297389073122206,0.0268239535698687,0.0261495230307217,0.0279078767202967,,,,,,,,,,-0.0005502240608635,0.0003539110939102,-0.0003905959107911,0.0008842673669357,,,,,,,0.005884112286601401,-0.0192134023319913,0.03059652816027781,-0.0003852675965131426,-0.0028631596442884157,-0.027825655985302757,0.001032727370135161
2025-11-27,1210.0,1318.199951171875,1196.199951171875,1318.199951171875,346161.0,-0.0894214472494834,0.0114049990315082,0.0,0.0925504510082422,0.0894214472494834,0.0999665590096985,0.1019896380036472,0.0132364310577438,0.0506567477765368,1.7121140175549574,1.7829226057157177,3.3975051165893575,1.7121140175549574,0.0078420652938514,0.0361885404320972,2.545681384655615,1.2214470905731696,1.7692444656758632,2.545681384655615,,,,,,,,,,,,,,,,,,,0.0345610423122085,0.0310022974022601,0.0334069282559212,0.0291309923665609,0.0273324719824613,0.0291401131079243,,,,,,,,,,0.0278806500262743,0.0004982235844613,0.0016230681543276,0.0011565377904083,,,,,,,0.0909574879630677,0.08507337567646629,0.03618854043209725,0.005592012271819442,0.0013717139800338164,0.0042348736243222294,0.001786345935067774
2025-11-28,1364.0,1440.0,1285.199951171875,1407.9000244140625,1039846.0,-0.0557184750733137,0.057771296794813,-0.0227998970305415,0.0871511265817703,0.0321847686320106,0.0680473953609575,0.1204482218404807,0.0316350856637505,0.0504816542176923,0.7212978707113256,0.5781851322581889,-1.69823175942469,0.7212978707113256,0.0108018806932187,0.0386148677478332,1.4824734100235517,0.9709779380014136,0.5662915055963242,1.4824734100235517,,,,,,,,,,,,,,,,,,,0.0443020575931453,0.0446537884905883,0.0474611500611894,0.0326553858882232,0.0321631147310551,0.0340729509197554,,,,,,,,,,0.027688150268871,0.0005054505994205,0.0024990762257185,0.0012088936597236,,,,,,,-0.031919163648741006,-0.1228766516118087,0.038614867747833195,0.0024263273157359433,0.017519150689929944,0.016147436709896126,0.0022707257824672675
2025-12-01,1373.800048828125,1395.0,1352.4000244140625,1378.5999755859375,133726.0,-0.015431613348652,0.0155772482555355,-0.0118961444251383,0.0190047523834746,0.0034939049259074,-0.0208111714752751,0.031499537723237,0.0318673625404082,0.0501750698698799,-1.0498945821559522,0.5980189392021114,-1.713282613344975,-1.0498945821559522,0.0105474572981227,0.0388150737703009,-0.8078982139508821,0.9649478447083666,0.5291728291205496,-0.8078982139508821,,,,,,,,,,,,,,,,,,,0.0432446549637885,0.0440476932356886,0.0489095014962696,0.032542088171829,0.0320659353625342,0.0346003217815035,,,,,,,,,,0.0011166063843717,0.0020115364895226,0.0016286519694783,0.0013430835885511,,,,,,,-0.0888585668362326,-0.05693940318749159,0.038815073770300926,0.00020020602246773045,-0.0005829887303502309,-0.01810213942028017,0.002495803448966132
2025-12-02,1341.0,1372.699951171875,1295.0,1305.5999755859375,175435.0,-0.0236390389052013,0.0343027591349739,-0.0513939773595843,0.0081188540013416,-0.0263982284966909,-0.0529522713570144,0.0599999622948841,0.0206519165169994,0.0628678453537415,-1.1707763716071642,0.2243705997778931,-1.8429458882712784,-1.1707763716071642,0.0086014598610922,0.0410249609013669,-1.5003970720677942,0.7712200490238313,0.288440108607519,-1.5003970720677942,,,,,,,,,,,,,,,,,,,0.0453188098249329,0.0462600094777748,0.0530061644070572,0.0328388562567344,0.0323797233707545,0.0356778025685254,,,,,,,,,,-0.0244700415292264,0.0019643269186534,0.0003334112005666,0.0015951988754076,,,,,,,-0.0321410998817393,0.0567174669544933,0.04102496090136692,0.002209887131065992,-0.011968874351697842,-0.011385885621347612,0.002652401338251008
2025-12-03,1326.800048828125,1436.0999755859375,1302.0999755859375,1436.0999755859375,526862.0,-0.0823785971777359,0.0186162739924553,0.0,0.0933082670273893,0.0823785971777359,0.0999540459867374,0.1029106846728115,0.0388409115050207,0.0712540141186879,0.8576798828473068,-0.5806766933327755,-2.5545080055900633,0.8576798828473068,0.0135991621604291,0.0457393474724245,1.8879780451255923,0.6570355101812833,-0.3658660031052959,1.8879780451255923,,,,,,,,,,,,,,,,,,,0.0511837855008192,0.0494687840129541,0.0550395238574583,0.0353754023704071,0.0341654799136638,0.037390311280001,,,,,,,,,,-0.0121024692763894,0.003768768097249,0.0015026356210961,0.0019124078776676,,,,,,,0.15290631734375182,0.18504741722549112,0.04573934747242448,0.004714386571057563,-0.01071955021890845,0.0012493241327893904,0.0020129357749298763
2025-12-04,1471.0999755859375,1579.699951171875,1450.5999755859375,1493.0999755859375,1606475.0,-0.0738222944655289,0.0139351507988672,-0.0580001185466184,0.0284642694360246,0.0149547959792721,0.039690830004188,0.0889976408098245,0.0267857657039186,0.0629410100595484,0.2050342739663679,-0.2518338130017438,-1.8554872194783485,0.2050342739663679,0.0168323567023113,0.0451509503555202,0.5062678220920757,0.4916801376590946,-0.4438464780240438,0.5062678220920757,,,,,,,,,,,,,,,,,,,0.0496362735416828,0.0527311034113869,0.0601297525882008,0.0369763907877218,0.0364590186547113,0.0397810132693116,,,,,,,,,,0.0064052086748473,0.0030872032015162,0.0012663386332464,0.001883357752099,,,,,,,-0.060263215982549405,-0.21316953332630123,0.0451509503555202,-0.0005883971169042823,-0.01635942231608842,-0.005639872097179964,0.0011257465682462289
2025-12-05,1480.0,1496.5999755859375,1424.0999755859375,1431.5999755859375,154678.0,-0.011216199720228,0.0377702867662584,-0.0454037448368887,0.0052388936350256,-0.0327027191986908,-0.041189472242718,0.0509093471265388,0.0049383921831835,0.0639879973753659,-0.72088307679496,0.939161477976169,-0.6063540221041931,-0.72088307679496,0.0135243771711159,0.0469125799195943,-1.166293764009795,0.5628553259828534,-0.559148845770642,-1.166293764009795,,,,,,,,,,,,,,,,,,,0.0413353867571398,0.0415431264934479,0.0485389773475838,0.036974093471971,0.0364788645181142,0.0398902650472598,,,,,,,,,,0.0051886499826316,0.0032217268692033,0.0005659463364801,0.0020801008297221,,,,,,,-0.08088030224690601,-0.020617086264356606,0.04691257991959434,0.0017616295640741422,-0.0003130629754741632,0.016046359340614255,0.0010780505134938647
2025-12-08,1431.5999755859375,1463.9000244140625,1396.5,1405.300048828125,120130.0,-0.0225622026955574,0.0245180051582296,-0.0416992624705334,0.0062620426402627,-0.0183710025190858,-0.0183710025190858,0.0482635334150107,0.0054264259744214,0.0637513768484994,-0.373284933909116,0.918469665268992,-0.5930323332706209,-0.373284933909116,0.0133940032917329,0.0470017956144005,-0.6758253678522568,0.5647768832107528,-0.5696055179742054,-0.6758253678522568,,,,,,,,,,,,,,,,,,,0.0424204470860392,0.0427340170807262,0.0484416383341661,0.0372561948496557,0.0369621647885819,0.040319697990976,,,,,,,,,,-0.0071980980553598,0.0031477652088343,-0.0003521425043222,0.0020945872070125,,,,,,,0.022818469723632204,0.10369877197053821,0.04700179561440053,8.92156948061884e-05,0.0029497783296551974,0.003262841305129357,0.0008789218338899362
2025-12-09,1405.300048828125,1487.300048828125,1374.4000244140625,1422.0999755859375,246933.0,-0.0583505281084843,0.0219882041844586,-0.0458477423257978,0.0335419112515078,0.0119546902256367,0.0119546902256368,0.0821449522763173,0.0184078182909516,0.0548837758357548,-0.1175780632263061,0.7314162314370666,0.1103943414230196,-0.1175780632263061,0.0136686885979825,0.046975191019599,-0.0364873103257968,0.5464315892758106,-0.5789764127088666,-0.0364873103257968,,,,,,,,,,,,,,,,,,,0.0447676882956934,0.0464143114722363,0.0489744613271797,0.0384628465305631,0.0386024687230309,0.0417125868018999,,,,,,,,,,-0.0234060544045474,0.0013140963144142,-0.000482172843622,0.0020886048286114,,,,,,,0.030325692744722597,0.007507223021090394,0.04697519101959906,-2.6604594801471482e-05,0.008348737183449483,0.005398958853794283,-4.124840144278423e-05
2025-12-10,1432.0,1443.199951171875,1397.0999755859375,1408.0,113115.0,-0.0078211949524266,0.0243715254288145,-0.0249999653209339,0.0077414946122602,-0.0167597765363128,-0.0099148975655722,0.0329969052977782,-0.0035659704195102,0.0307695768193758,-0.2063378116420525,0.3993463144157169,-0.1731019814803159,-0.2063378116420525,0.0135436467564071,0.0470375512715899,-0.4987195057525902,0.5510174287178392,-0.5858143316541393,-0.4987195057525902,,,,,,,,,,,,,,,,,,,0.0372566236375785,0.0419794704171988,0.0440654956186358,0.0384311224872058,0.0385009200653447,0.0415748795383215,,,,,,,,,,-0.0046067292671165,0.0007149695770337,-0.0011519667331562,0.0020577810086156,,,,,,,-0.021869587791209,-0.0521952805359316,0.047037551271589935,6.236025199087697e-05,-0.008059936752876378,-0.01640867393632586,-0.00038057514925287907
2025-12-11,1414.0,1441.0,1396.0,1422.5,118319.0,-0.019094766619519,0.0127298444130127,-0.0130052724077328,0.0186291739894551,0.006011315417256,0.0102982954545454,0.0322349570200573,-0.0094444773294387,0.0219963082041869,0.8975493796830053,-0.5953944189729516,-0.6125224743707705,0.8975493796830053,0.0126876390365517,0.0469274134464646,-0.0509157314781926,0.6141861677819522,-0.5059228527830304,-0.0509157314781926,,,,,,,,,,,,,,,,,,,0.030599438448241,0.0339159736478811,0.0335020063213092,0.0384433756628976,0.0385097354219066,0.0411642751577993,,,,,,,,,,0.011143164034804,0.0001387298502777,-0.0009792530562654,0.0020601883859088,,,,,,,0.0202131930201176,0.0420827808113266,0.04692741344646464,-0.00011013782512529768,-0.002468827504365855,0.005591109248510522,-0.000280580814309716
2025-12-12,1434.5,1488.800048828125,1420.0,1460.4000244140625,189766.0,-0.0378529444601777,0.0101080515859184,-0.0194467433164122,0.0276636700483976,0.0180550884726821,0.0266432509061951,0.0484507386113556,0.0041220673003438,0.018094709583603,1.2446280777150098,-0.1411458745104299,-1.5021417554060177,1.2446280777150098,0.012047109009968,0.0466293243654439,0.3130249493180293,0.6623393572881487,-0.3914728010684483,0.3130249493180293,,,,,,,,,,,,,,,,,,,0.0303305445594658,0.034471061534332,0.0338676860890109,0.0386315901036997,0.038885667307326,0.0414469888843705,,,,,,,,,,0.008837211207947,0.0001057422080642,-0.0003572627660767,0.002061335276495,,,,,,,0.016344955451649698,-0.0038682375684679013,0.0466293243654439,-0.0002980890810207401,0.015941104196621737,0.01840993170098759,-0.00017455442165540517
2025-12-15,1460.4000244140625,1573.800048828125,1458.0,1561.199951171875,273114.0,-0.0776499743346419,0.0016434020637773,-0.0080707776392076,0.0661029684854977,0.0690221343965364,0.0690221343965364,0.0794239018025548,0.0216006946834683,0.0295306726254997,1.6058367621508105,1.183145140207519,1.9758138116526949,1.6058367621508105,0.0111822847734452,0.045321379762706,1.2762155504958013,0.6437815947442324,-0.2949587293893909,1.2762155504958013,,,,,,,,,,,,,,,,,,,0.0343661168754581,0.0351082219857364,0.0341159066643649,0.0378139352322581,0.0384141947379943,0.0409742071804066,,,,,,,,,,0.0150693036813566,0.0002434806736896,0.0016293742224963,0.0018630519835475,,,,,,,0.0423788834903413,0.026033928038691603,0.04532137976270606,-0.0013079446027378372,-0.0009329921213274744,-0.01687409631794921,0.00028306194429869054
2025-12-16,1573.9000244140625,1577.5,1471.0,1495.199951171875,139104.0,-0.0022872962259961,0.0653790093512264,-0.0550428380924047,0.016185093607653,-0.0500032225817432,-0.0422751742660886,0.0723997280761386,0.0107547217851232,0.0414944215960412,-1.278000608550985,0.2558759034016454,0.2985605027357382,-1.278000608550985,0.0090999302205187,0.0468244273484796,-1.0971859645876798,0.6460161093311669,-0.4437932340411462,-1.0971859645876798,,,,,,,,,,,,,,,,,,,0.0329226642400225,0.0300924365503881,0.0301862387583659,0.0382219550092192,0.0383572047855431,0.0410474207509897,,,,,,,,,,-0.0005996714459041,0.0013767104071859,0.0006792167417804,0.0020675612452254,,,,,,,-0.111297308662625,-0.1536761921529663,0.04682442734847962,0.001503047585773562,-0.011116677434535427,-0.010183685313207952,0.0003214304089890977
2025-12-17,1499.199951171875,1509.9000244140625,1404.300048828125,1420.199951171875,108550.0,-0.0071371888945324,0.0633003638170945,-0.0631601720364598,0.0111955378752338,-0.0526947722605302,-0.0501605152817308,0.0751975873489854,0.0027055982418915,0.0496151163661272,-1.0655243279790945,0.2287308322293133,-1.4861968454479886,-1.0655243279790945,0.0090706951240766,0.0468631565288843,-1.2639184978779654,0.6430294401911518,-0.4448512591048912,-1.2639184978779654,,,,,,,,,,,,,,,,,,,0.0372435509153342,0.0334890537408193,0.0336362848096001,0.0388328138063507,0.038985826752013,0.0415309042273767,,,,,,,,,,-0.0189836046644836,0.0012485733255046,-0.0010938201601626,0.0020465659533108,,,,,,,-0.0078853410156422,0.1034119676469828,0.0468631565288843,3.872918040467854e-05,0.004315282460954237,0.015431959895489662,0.0006459835002984389
2025-12-18,1432.0,1562.199951171875,1424.0999755859375,1541.800048828125,304709.0,-0.0909217536116445,0.0055167768254626,-0.0132312243466689,0.0763393887110379,0.0766760117514839,0.0856218151225198,0.0969735116589108,0.0177703021754864,0.0623084314838197,1.088961980444865,-0.141695804462486,-2.825444238368164,1.088961980444865,0.0120870054019275,0.0498111258591167,1.4762727895084,0.5436188282287191,-0.9055993711628978,1.4762727895084,,,,,,,,,,,,,,,,,,,0.0439592064718423,0.0381915910665768,0.0383897229367449,0.0403948101981949,0.0398453341304881,0.0422252807414378,,,,,,,,,,-0.0001225521245617,0.0031058424691326,0.0002559501279879,0.0023549126233235,,,,,,,0.1357823304042506,0.1436676714198928,0.049811125859116755,0.002947969330232454,0.0013382799607382049,-0.002977002500216031,0.0011979194779655913
2025-12-19,1540.5,1541.800048828125,1487.0,1503.0,97875.0,-0.0008439135528237,0.0347289840960727,-0.0258150690805888,0.0106453759148369,-0.0243427458617332,-0.0251654219738907,0.0368527564412407,0.0074085675994692,0.0647249604245338,-0.503267817542193,0.5598804613265602,-3.0117948119794953,-0.503267817542193,0.0120260281866868,0.0498582819210552,-0.7459432761735717,0.5438364635488043,-0.9094681252375154,-0.7459432761735717,,,,,,,,,,,,,,,,,,,0.0431903741240238,0.036654168557637,0.0373688159501215,0.040176600327789,0.0395334489431677,0.0419487567448543,,,,,,,,,,-0.0060478123352245,0.0032783043334817,-0.0008451676649681,0.002337805108615,,,,,,,-0.1107872370964105,-0.2465695675006611,0.049858281921055236,4.715606193848171e-05,-0.0024532604251498603,-0.003791540385888059,0.0010185447853395739
2025-12-22,1515.5,1534.0,1465.0999755859375,1486.5999755859375,73209.0,-0.0122071923457604,0.033256367148837,-0.0318848548314955,0.01446253218962,-0.0190696300983586,-0.0109115265562624,0.0470275241022424,-0.0085781645910905,0.0548151398191792,-0.0425678375147646,1.824388668238734,3.5050706787745085,-0.0425678375147646,0.0125790796518018,0.0495215145314648,-0.4743515304472148,0.5308915406026778,-0.880248429893187,-0.4743515304472148,,,,,,,,,,,,,,,,,,,0.0399549492940639,0.035862699253275,0.0356031290882279,0.0401466763135675,0.0396393615739826,0.0419710417641259,,,,,,,,,,0.0087722388727492,0.0022498552930357,-0.0017096667665217,0.0022325729463683,,,,,,,0.0142538954176283,0.1250411325140388,0.04952151453146484,-0.00033676738959039637,0.0011072107295917193,0.0035604711547415854,0.00044442382741523734
2025-12-23,1500.0,1627.4000244140625,1497.0,1598.9000244140625,421139.0,-0.084933349609375,0.002,-0.0178247542465603,0.0637313295754092,0.065933349609375,0.075541538189426,0.0871075647388527,0.0149851779000123,0.0616102235868064,0.9828946685137736,0.3847361778151042,-2.846474475476482,0.9828946685137736,0.0161999086232716,0.05140546272567,1.154383725380246,0.3472548115304588,-1.248386768539735,1.154383725380246,,,,,,,,,,,,,,,,,,,0.0417988926617162,0.0371945271938128,0.037387788648086,0.0414999689388309,0.0405686590147986,0.0427227413436036,,,,,,,,,,0.0154870765263531,0.0025569566416667,-0.000959478666155,0.0024797855910539,,,,,,,0.0864530647456884,0.0721991693280601,0.05140546272566998,0.0018839481942051414,0.021165004299407517,0.02005779356981581,-2.6201410711865056e-05
2025-12-24,1598.9000244140625,1637.800048828125,1563.0,1625.4000244140625,186477.0,-0.0243292412409074,0.0224529513202168,-0.0076289062555739,0.0383905644621587,0.0165738942994333,0.0165738942994333,0.0478567171005278,0.0283320598162452,0.0501276994208386,-0.2345642359945179,0.2582734693459964,-2.7891631867688607,-0.2345642359945179,0.0165781497859118,0.0513775912423503,-8.282767594910103e-05,0.3234401892269214,-1.2556515885911814,-8.282767594910103e-05,,,,,,,,,,,,,,,,,,,0.0390586281103886,0.0358022331762895,0.0352478711778653,0.0415947545302132,0.0406594181866073,0.0425779404383291,,,,,,,,,,-0.0037388881482856,0.0019822704302099,-0.0010676755543222,0.0024697713290535,,,,,,,-0.05896764388999269,-0.14542070863568107,0.05137759124235037,-2.7871483319612256e-05,0.0062120941963512265,-0.01495291010305629,-0.00033710183550034
2025-12-25,1625.4000244140625,1625.4000244140625,1625.4000244140625,1625.4000244140625,0.0,0.0,0.0,0.0,0.0,0.0,0.0,0.0,0.0112076967917412,0.0390688990832454,-0.2868700438131262,1.4398298503389144,2.2670175375824813,-0.2868700438131262,0.0115798218354268,0.0475588407669871,-0.2434841061867299,0.4417527042003523,-0.9724868989182806,-0.2434841061867299,,,,,,,,,,,,,,,,,,,0.0301270443818219,0.0291004850546018,0.0294121218451675,0.0394972654789885,0.0394851186970354,0.0414921708274196,,,,,,,,,,0.0077816264803477,0.0010999956791021,1.215282745756974e-05,0.0021487462576117,,,,,,,-0.0165738942994333,0.04239374959055939,0.04755884076698715,-0.0038187504753632168,-0.013563033696994341,-0.01977512789334556,-0.001221661932165716
2025-12-26,1656.0,1701.0999755859375,1625.0,1687.199951171875,327855.0,-0.0272342847741168,0.018719806763285,-0.0082385163681447,0.0368657853081805,0.0188405502245622,0.0380213644823159,0.0468307542067307,0.0238450540829825,0.0342891036338682,0.4134348494701128,0.8793234579304237,0.109423551387754,0.4134348494701128,0.0100785202914948,0.0461351068277002,0.6056742058749028,0.496218995578393,-0.7239405786252721,0.6056742058749028,,,,,,,,,,,,,,,,,,,0.0310525310320646,0.0307463194581246,0.0309259646342125,0.0369398979157582,0.0360657374630931,0.0378654479087784,,,,,,,,,,0.002232424388773,0.0009306266651081,0.0012814824171771,0.0019674226214841,,,,,,,0.0380213644823159,0.0545952587817492,0.04613510682770023,-0.0014237339392869225,0.008012545678921713,0.021575579375916053,-0.0013650416127625193
2025-12-29,1699.0,1835.0,1694.9000244140625,1788.300048828125,503004.0,-0.0800470865214832,0.0024131698563493,-0.0261141586404795,0.052228385541491,0.0525603583449823,0.0599218234839498,0.0826597283426029,0.038011724091025,0.0307937136813302,0.7115120839162868,-0.0199336888428735,-1.725959131642438,0.7115120839162868,0.014115170039456,0.0468170035181762,0.9784191640268,0.2740608198570027,-0.9833563452621288,0.9784191640268,,,,,,,,,,,,,,,,,,,0.0355938261887335,0.0345082787610271,0.0338379944281644,0.03822251547165,0.0372012700308576,0.0384370609823571,,,,,,,,,,-0.0009791959228069,0.0007566845925197,0.001505797630376,0.0020068482962536,,,,,,,0.021900459001633905,-0.016120905480681992,0.04681700351817622,0.0006818966904759902,-0.010933426713914394,-0.01894597239283611,-0.0017157863535734715
2025-12-30,1800.0,1842.0,1755.0,1788.699951171875,239856.0,-0.0233333333333333,0.025,-0.0297982055588502,0.0188404719023983,-0.0062778049045138,0.0002236215024498,0.0495726495726495,0.0229481407536297,0.0258742499665298,-0.8782677480729185,0.7189891483578061,-1.122185835509376,-0.8782677480729185,0.0167739646824292,0.0442471255065257,-0.3740433528848908,0.3259278972402801,-0.8429533964728555,-0.3740433528848908,,,,,,,,,,,,,,,,,,,0.0305383874914507,0.0322375513795353,0.0323537662219075,0.0379729781368451,0.0370220732101147,0.0374251807724135,,,,,,,,,,0.0027221277889982,0.0005207614896651,0.0002483873359932,0.001857866308877,,,,,,,-0.059698201981500006,-0.08159866098313391,0.0442471255065257,-0.0025698780116505185,-0.017140071369736526,-0.006206644655822133,-0.0020242958709305045
2025-12-31,1790.0,1790.0,1710.0,1720.5999755859375,119374.0,0.0,0.0446927374301676,-0.0403347817033583,0.0061606275347805,-0.0387709633598114,-0.0380723304326818,0.0467836257309941,0.0120188958072067,0.0379589651985139,-1.31961516806179,-0.0118787346272318,-0.7397159486394488,-1.31961516806179,0.0098726458614583,0.0412533764671727,-1.1622073245881406,0.3484625847593072,-0.8827822324644736,-1.1622073245881406,,,,,,,,,,,,,,,,,,,0.0304262837167847,0.0304935770540069,0.0312920979411869,0.0361471757552896,0.0356912132005975,0.0361440773487892,,,,,,,,,,-0.0113942403845229,0.000893049003273,0.0007782385391537,0.001596610980253,,,,,,,-0.0382959519351316,0.021402250046368407,0.041253376467172705,-0.002993749039352997,0.001571346302167282,0.01871141767190381,-0.0015592566422283607
2026-01-01,1729.199951171875,1770.4000244140625,1714.199951171875,1742.5999755859375,95170.0,-0.0238260897557083,0.0086745318202412,-0.0159532016628069,0.0162975007528696,0.0077492625447862,0.0127862375404881,0.0327850162425728,0.0145761433153043,0.0373730167988575,-0.0478929968230702,-0.3413766833355888,-0.1472395517384157,-0.0478929968230702,0.0085274162382733,0.0406643205726203,0.1047311560169612,0.4511040227704851,-0.681642904061166,0.1047311560169612,,,,,,,,,,,,,,,,,,,0.0316358264627459,0.03208300343885,0.0325238452945902,0.0345586522673664,0.0334852513681425,0.0334320343837848,0.0337759873440698,0.0331057133687361,,,,,,,,-0.0148464407800287,0.0006765603000483,0.0012906747112581,0.0015155183990093,,,,,,,0.0508585679731699,0.0891545199083015,0.0406643205726203,-0.0005890558945524024,0.0042031618259030235,0.002631815523735745,-0.001289287400271046
2026-01-02,1747.199951171875,1747.199951171875,1695.5999755859375,1711.5999755859375,57010.0,0.0,0.0295329538850596,-0.0207992381945147,0.0093479786329879,-0.0203754444716301,-0.0177895101769276,0.0304316916306314,0.0034139683834556,0.0369521850604059,-0.5738085183791397,0.8282048785093655,0.9624327596685576,-0.5738085183791397,0.0096974143415628,0.0394778992732186,-0.696261073271882,0.4936685457203018,-0.5693025046521693,-0.696261073271882,0.0089383363335598,0.0405228274441827,-0.6595750641364574,0.621478963844447,-0.2832122722614783,-0.6595750641364574,,,,,,,,,,,,,0.0302415993059868,0.0300648892082046,0.0302344096295889,0.034147343829089,0.0330946214636081,0.0329387493286193,0.0335766751397435,0.0328267334409578,0.0343669055167847,,,,,,,-0.0142860051283716,0.000684191299535,0.0001297151172809,0.0014800198395876,0.0002395418937861,0.0015973081017831,,,,,-0.030575747717415697,-0.0814343156905856,0.03947789927321864,-0.0011864212994016632,-0.0037489444124343928,-0.00795210623833742,-0.0013258158039148953
2026-01-05,1695.800048828125,1789.0,1695.800048828125,1712.800048828125,141983.0,-0.0549592808634959,0.0,-0.0444885269731338,0.0099252682831432,0.0100247667829398,0.0007011411891242,0.0549592808634959,-0.0084301680755094,0.0198409918098167,0.4602244359637193,-0.8484865108781462,0.0247968203559985,0.4602244359637193,0.0106510215269733,0.0389915616119223,-0.2551803499659463,0.4519289682920523,-0.4970668081950895,-0.2551803499659463,0.0094240825140115,0.0402697760276215,-0.216612610879785,0.606590417071555,-0.251905936226711,-0.216612610879785,,,,,,,,,,,,,0.0258077098716072,0.0274668141845712,0.029900062346181,0.0343161270897507,0.0334064650675177,0.0338290527788733,0.0337378009767961,0.0331098654420868,0.0348516585401122,,,,,,,0.0021237859629103,0.0003059110311652,-0.0004419885999896,0.0014378292651657,0.0001405084112125,0.0015851103648018,,,,,0.0184906513660518,0.04906639908346749,0.03899156161192232,-0.00048633766129631967,-0.011018915070400473,-0.00726997065796608,-0.0002181563977092104
2026-01-06,1746.800048828125,1820.0,1722.0999755859375,1773.199951171875,318828.0,-0.0419051689522121,0.0141401835079853,-0.0263929901403368,0.0288179432624992,0.015113293797685,0.0352638373551394,0.0568492107322354,-0.0014221249049715,0.0281219421231101,1.304531603809933,-0.0255269170516015,-0.5488369486869521,1.304531603809933,0.0118164788834484,0.0393790092332868,0.5954278415890446,0.3543136848572168,-0.6630418860406282,0.5954278415890446,0.0110722472128202,0.0395879196813642,0.6110851577206587,0.5762338070619091,-0.2518681941993157,0.6110851577206587,,,,,,,,,,,,,0.0267900555734696,0.0284909613588244,0.0321998158754521,0.0334714409482715,0.0321713466799597,0.0328180270359807,0.0337084553214108,0.0332336869065875,0.0349528347697508,,,,,,,0.0134587239224278,0.0002704004037801,-6.979270269110436e-05,0.0014730090883256,6.277278106375309e-05,0.0015350387241138,,,,,0.034562696166015205,0.016072044799963405,0.0393790092332868,0.0003874476213644798,-0.0013541971560066361,0.009664717914393833,0.0007764621466169148
2026-01-07,1773.0999755859375,1833.4000244140625,1766.800048828125,1803.5999755859373,132278.0,-0.0340082621726946,0.0035530578334877,-0.0165225378307315,0.0204035968374068,0.0172015117139239,0.0171441604168618,0.0376952534216374,0.0096211732649372,0.0197171988894404,0.3815444168366931,-0.2166618017971857,0.3243856635089746,0.3815444168366931,0.0131694317825701,0.0390566005156336,0.1017684227970804,0.2578647398690609,-0.6278101385779067,0.1017684227970804,0.0108722965790923,0.0395303055813223,0.1586596345648502,0.593212880853603,-0.222452188959406,0.1586596345648502,,,,,,,,,,,,,0.0258006124268005,0.0289469918279273,0.0325440424770859,0.0335562544731269,0.0322920392600856,0.0329429871289356,0.0337491076927982,0.0333402608650043,0.0350563818925229,,,,,,,0.0061769193284814,0.0002347056808554,-0.0003368099630629,0.0014453752300178,0.0001164133782503,0.0015285699386227,,,,,-0.018119676938277603,-0.05268237310429281,0.03905660051563361,-0.00032240871765319007,-0.00042109792385573106,0.0009330992321509046,0.001071617211105451
2026-01-08,1854.4000244140625,1859.9000244140625,1655.0,1702.0,343133.0,-0.0029659188565519,0.1075280531648327,-0.0927732223349368,0.0276145710928319,-0.0821829283906618,-0.0563317681089069,0.1238066612773791,-0.0042024278649418,0.0351403785949525,-1.4834598353317927,-0.6995273714496667,0.2410067038941624,-1.4834598353317927,0.0098379286043975,0.0420420453249109,-1.5738933774969617,0.2072829794127618,-0.8018754462480135,-1.5738933774969617,0.0088061263967475,0.040297113470891,-1.616440704933056,0.6064672192767591,-0.1614649587713462,-1.616440704933056,,,,,,,,,,,,,0.0396656768161116,0.0391494472092032,0.0435185033673589,0.0367907667427559,0.0348834996275216,0.0360444652358368,0.0349410735661835,0.0343315493667377,0.0362181051004674,,,,,,,-0.006064149663622,0.0009143291439516,-0.001375017978722,0.0016162919711566,4.670521480154461e-05,0.0015909259352252,,,,,-0.0734759285257687,-0.0553562515874911,0.04204204532491097,0.002985444809277364,-0.009539364156608403,-0.009118266232752673,0.0011886142379493507
2026-01-09,1705.0,1745.5,1555.0,1568.199951171875,237213.0,-0.0237536656891495,0.0879765395894428,-0.1130595933864385,0.0084172628382056,-0.0802346327437683,-0.0786134246933754,0.122508038585209,-0.0163672107682313,0.0488668158339942,-1.2737931224453225,-0.4454958961780633,-2.2971779474777443,-1.2737931224453225,0.004575094824419,0.0462091427394383,-1.8002610432933877,0.1245224864554324,-0.7320195912558414,-1.8002610432933877,0.0070568361554078,0.0421508915886273,-2.032466161923317,0.4700402224493489,-0.1608034839962542,-2.032466161923317,,,,,,,,,,,,,0.0497184870066092,0.0476514250663066,0.0505068634583225,0.0394212835257831,0.0369574759244465,0.0380500214776739,0.0362080148875244,0.0353770679194737,0.0371483297131923,,,,,,,-0.0250224737229045,0.0006581241693759,-0.0023732615458799,0.0018412443144367,-0.0001588777380722,0.0017359070337317,,,,,-0.0222816565844685,0.051194271941300204,0.04620914273943836,0.004167097414527386,-0.004498347234883154,-0.0014113200253416183,0.0011492264403419217
2026-01-12,1575.800048828125,1592.0999755859375,1477.0,1554.800048828125,186831.0,-0.0103439054783214,0.0626983410119828,-0.0239901759624499,0.0500386200056811,-0.0133265638718675,-0.0085447664589816,0.0779282163750423,-0.0182163922978525,0.0482302482727326,0.2005302934411565,-0.2882381359800805,-2.185559891251701,0.2005302934411565,0.0006967497816431,0.0437025178286049,-0.2114641604144786,0.254710877370359,-0.3247187606062824,-0.2114641604144786,0.0072003948976953,0.0420838952042016,-0.3741374528255393,0.463916781827052,-0.1499421185331108,-0.3741374528255393,,,,,,,,,,,,,0.0516879477833989,0.0504113525497317,0.0514849379242171,0.0393732151046921,0.0379890933299372,0.0391489853401477,0.0366298711451882,0.0359782783880429,0.0378139243923575,,,,,,,-0.0183374792738479,0.0011883991865219,-0.0015431033002935,0.0017352407321352,-0.0002513740191897,0.0017224740629377,,,,,0.0700686582343938,0.0923503148188623,0.04370251782860494,-0.0025066249108334215,0.00012463426155374935,0.005895627006345779,0.0007233778052199761
2026-01-13,1578.0,1597.4000244140625,1530.5,1550.199951171875,114868.0,-0.0122940585640446,0.0301013941698352,-0.0304477323757535,0.0127080065748826,-0.0176172679519169,-0.0029586425982667,0.0437112214400931,-0.0258608882885337,0.0399534096204518,0.5732238101286741,-0.511897599163607,-1.9211233334508957,0.5732238101286741,0.0026625763650342,0.0425365337591351,-0.1321503767827279,0.1823272869074804,-0.0919756118413644,-0.1321503767827279,0.007421868498058,0.0419989267997922,-0.2471613416649533,0.4527048587461645,-0.1372211967853722,-0.2471613416649533,,,,,,,,,,,,,0.0508246623170551,0.049108007324717,0.0494248739463257,0.038667149867801,0.0375700140892772,0.0387543520789508,0.0365816942918168,0.0359160866798169,0.0377884528764985,,,,,,,0.0007581395619668,0.0012758704010488,-0.0022738272553466,0.0015469767136569,-0.0003272761286985,0.001706326067673,,,,,0.0055861238607149,-0.0644825343736789,0.04253653375913516,-0.001165984069469779,0.0020421425201815613,0.009883802952219904,-0.00018185800311274164
2026-01-14,1539.0999755859375,1543.300048828125,1482.0,1488.0,109470.0,-0.0027289151509397,0.0370995883904159,-0.0371640113092237,0.0040322580645161,-0.0332012061571787,-0.0401238247523197,0.041363055889423,-0.0373144853223701,0.0319498532021177,-0.0879296506365006,-0.1657746094990607,-1.8602534190972808,-0.0879296506365006,0.0031644108915047,0.0419355004314032,-1.0322575192499257,0.205153496102724,-0.0069470449352942,-1.0322575192499257,0.0066193920030116,0.0425236772347711,-1.0992280017850882,0.4655294971163156,-0.2135326915204878,-1.0992280017850882,,,,,,,,,,,,,0.051018423716975,0.0487169924871561,0.0481819708188803,0.0378149650629307,0.0368202791775055,0.0381983297767099,0.0367432997864519,0.0360219996151318,0.0379255223744616,,,,,,,0.0108070668808282,0.0005830491065761,-0.0037191103724983,0.0012107501363466,-0.0004573243525962,0.0017285432994614,,,,,-0.037165182154053004,-0.042751306014767905,0.04193550043140328,-0.0006010333277318772,-0.0010332602715201963,0.00763443590219115,-0.0016594073203524827
2026-01-16,1488.0,1510.0,1420.0999755859375,1428.199951171875,118161.0,-0.0147849462365591,0.0456317368374075,-0.0572749276185074,0.0056714576830024,-0.0401882048576108,-0.0401882048576108,0.0633054193082212,-0.0340857726721108,0.0303218187574636,-0.201255479900852,-0.6264194742150548,-0.1654239093553234,-0.201255479900852,-0.0031260901075017,0.0381837354846107,-0.9706256938912204,0.1516247244953357,0.0475333832216568,-0.9706256938912204,0.0063150891225286,0.0428078600422082,-1.0863260610151402,0.4592877973930362,-0.2519014787457206,-1.0863260610151402,,,,,,,,,,,,,0.0434960631212067,0.0427308625474112,0.0416419347415093,0.0366528912348311,0.036175831610698,0.037423230032861,0.037029027955398,0.0362776711389266,0.0381214590977383,,,,,,,0.004527138137819,0.0006945401947705,-0.0030364744404546,0.0010785268866152,-0.0006448291468738,0.0017092713098473,,,,,-6.438010529109806e-05,0.037100802048761906,0.03818373548461071,-0.0037517649467925726,-0.011389011926072064,-0.0037712460538299117,-0.0038021964821954987
