Date,Close,High,Low,Open,Volume,OH_ratio,OL_ratio,CH_ratio,CL_ratio,Price_Change,Returns,Day_Range,Mean_5,Std_5,Z_Score_5,Skew_5,Kurt_5,Parkinson_Vol_5,GK_Vol_5,YZ_Vol_5,Returns_Slope_5,Returns_MSE_5,Mean_20,Std_20,Z_Score_20,Skew_20,Kurt_20,Parkinson_Vol_20,GK_Vol_20,YZ_Vol_20,Returns_Slope_20,Returns_MSE_20,Mean_50,Std_50,Z_Score_50,Skew_50,Kurt_50,Parkinson_Vol_50,GK_Vol_50,YZ_Vol_50,Returns_Slope_50,Returns_MSE_50,Mean_100,Std_100,Z_Score_100,Skew_100,Kurt_100,Parkinson_Vol_100,GK_Vol_100,YZ_Vol_100,Returns_Slope_100,Returns_MSE_100,Mean_200,Std_200,Z_Score_200,Skew_200,Kurt_200,Parkinson_Vol_200,GK_Vol_200,YZ_Vol_200,Returns_Slope_200,Returns_MSE_200
2025-07-30,333.3900146484375,359.3999938964844,325.54998779296875,355.0,26545484,-0.012394349004181338,0.08295778086487676,-0.07801667148152176,0.023516081799078842,-0.060873198173415494,,0.10397790622877338,,,,,,,,,,,,,,,,,,,,,,,,,,,,,,,,,,,,,,,,,,,,,,,,,,
2025-07-31,331.0899963378906,345.0,321.20001220703125,324.3299865722656,6334211,-0.06373142874079818,0.009650585807109665,-0.042012757304553706,0.02987098444607263,0.020842999554463854,-0.0068988818185579115,0.07409709492049563,,,,,,,,,,,,,,,,,,,,,,,,,,,,,,,,,,,,,,,,,,,,,,,,,,
2025-08-01,312.5,334.45001220703125,308.29998779296875,331.0,2902985,-0.010422997604324018,0.06858009730220921,-0.0702400390625,0.0134400390625,-0.055891238670694864,-0.05614786476036804,0.08482006308616173,,,,,,,,,,,,,,,,,,,,,,,,,,,,,,,,,,,,,,,,,,,,,,,,,,
2025-08-04,305.20001220703125,321.70001220703125,300.0,313.70001220703125,1700475,-0.02550207105098955,0.04367233558789189,-0.05406290740515203,0.017038047179053984,-0.027095950491676398,-0.023359960937500035,0.0723333740234375,,,,,,,,,,,,,,,,,,,,,,,,,,,,,,,,,,,,,,,,,,,,,,,,,,
2025-08-05,315.6499938964844,331.8999938964844,306.45001220703125,310.8999938964844,2708513,-0.06754583599957242,0.014313225399852428,-0.05148107180172826,0.02914614879565056,0.015278224809427095,0.03423978136135997,0.0830477424561486,,,,,,0.048615616729025465,0.05106108590084774,,,,,,,,,,,,,,,,,,,,,,,,,,,,,,,,,,,,,,,,,,,
2025-08-06,309.04998779296875,319.70001220703125,307.70001220703125,316.25,965321,-0.01090912950839921,0.027035534523221345,-0.03446052365223488,0.004368146381684515,-0.022766837018280632,-0.0209092546527343,0.0389990234772106,-0.014615236161560064,0.03273911643589475,-0.1922476589586136,0.5284660340670411,1.4477433258047772,0.04199058355985883,0.045153639089423325,0.0480093090513747,0.006236690045337523,0.0007796871905592347,,,,,,,,,,,,,,,,,,,,,,,,,,,,,,,,,,,,,,,,
2025-08-07,311.45001220703125,316.3500061035156,307.0,308.0,1011441,-0.027110409426998782,0.003246753246753247,-0.015732842203991262,0.014288046340075845,0.011201338334517046,0.007765813003915323,0.03045604593979031,-0.011682297197065417,0.03422629677077882,0.5682212811753808,0.14448629581156233,-0.2342522905933322,0.0382042933729965,0.040511803130014803,0.04076874739951525,0.013027806181333246,0.0005977040447163703,,,,,,,,,,,,,,,,,,,,,,,,,,,,,,,,,,,,,,,,
2025-08-08,319.8500061035156,334.45001220703125,311.8500061035156,312.8999938964844,2752737,-0.06887190390190993,0.003355665750879221,-0.04564641495986249,0.02501172376845569,0.022211608637264783,0.026970600633339004,0.07247075729097074,0.004941395881675992,0.026555985750136332,0.8295382050184268,-0.09078985139803995,-2.821097751225351,0.03653146651297118,0.041062952088969665,0.043089921416417196,0.007418715478423344,0.000454101624629559,,,,,,,,,,,,,,,,,,,,,,,,,,,,,,,,,,,,,,,,
2025-08-11,316.0,330.6000061035156,313.25,321.95001220703125,1129847,-0.026867506036688582,0.027022866523256014,-0.046202550960492486,0.00870253164556962,-0.0184811678255352,-0.01203691114600014,0.055387090514016364,0.00720600583997597,0.023887943282382716,-0.8055493417119632,-0.057212407864866824,-2.438896931944599,0.03453053384989573,0.03899311675291763,0.04157581693559081,-0.004467352972864691,0.00041659258224154076,,,,,,,,,,,,,,,,,,,,,,,,,,,,,,,,,,,,,,,,
2025-08-12,321.75,326.54998779296875,316.20001220703125,317.29998779296875,684620,-0.02915222299357736,0.0034666738993233428,-0.014918376978923854,0.017249379309926184,0.01402462142524501,0.018196202531645556,0.03273236934336637,0.003997290074033088,0.02013091811801741,0.7053286081822703,-0.2314615482151412,-2.1370039477581613,0.028426601106888723,0.03147230855475567,0.03330469560105323,0.0058408190218844245,0.00025597275772664346,,,,,,,,,,,,,,,,,,,,,,,,,,,,,,,,,,,,,,,,
2025-08-13,331.0,339.6000061035156,321.0,323.95001220703125,1745110,-0.048309903709720235,0.009106380910231127,-0.025981891551406722,0.030211480362537766,0.021762579186023354,0.02874902874902885,0.05794394424771223,0.013928946754385718,0.01673423909402619,0.8856143330672036,-1.0838683515695884,0.5043148174251696,0.03051816021684348,0.03415529719802598,0.03566235624643502,0.0033192033388533605,0.0002019935848355171,,,,,,,,,,,,,,,,,,,,,,,,,,,,,,,,,,,,,,,,
2025-08-14,322.04998779296875,338.0,320.1000061035156,331.20001220703125,941235,-0.02053136335248115,0.033514509946868824,-0.049526510826278264,0.0060549037831564186,-0.027626884289916245,-0.027039311803719768,0.055920004858405974,0.0069679217928587,0.0250912020502542,-1.3553449343904167,-0.6974377282255103,-2.105750334393685,0.032863364646227536,0.0363537360996937,0.03771407661276474,-0.006723388497908855,0.00041324683047371837,,,,,,,,,,,,,,,,,,,,,,,,,,,,,,,,,,,,,,,,
2025-08-18,332.8500061035156,334.25,324.8999938964844,328.0,707999,-0.019054878048780487,0.009451238120474466,-0.004206080429059629,0.023884668953735314,0.014786603974133002,0.03353522347434379,0.028778104891238037,0.008280846361059658,0.026530026312357083,0.9519167759558994,-0.5978578717625737,-2.1494721942511306,0.028017106305414013,0.0305486339063554,0.031128532847271156,0.004590875490532253,0.0005209215613683479,,,,,,,,,,,,,,,,,,,,,,,,,,,,,,,,,,,,,,,,
2025-08-19,336.95001220703125,339.8999938964844,332.20001220703125,336.0,1091775,-0.011607124691917783,0.011309487479073661,-0.008754953502244055,0.014097046528912041,0.002827417282831101,0.012317879009563715,0.02317875197624737,0.013151804392172428,0.023980327282600467,-0.034775396214620835,-1.5872151062705766,2.741700609964141,0.024763028712873687,0.026858710124744358,0.027366306388024723,-0.0006970452318848745,0.00045907313315391915,,,,,,,,,,,,,,,,,,,,,,,,,,,,,,,,,,,,,,,,
2025-08-20,342.04998779296875,352.8500061035156,335.1000061035156,344.0,4070335,-0.02572676192882449,0.025872075280477833,-0.03157438589672969,0.020318614054913264,-0.00566864013671875,0.015135703817110713,0.05296926194181224,0.01253970464926546,0.023858127337371568,0.10880984626898435,-1.4871135611259685,2.483445684966258,0.02702860569945662,0.029942346582251502,0.030329374946821145,0.001213054094944721,0.0004524251915624649,,,,,,,,,,,,,,,,,,,,,,,,,,,,,,,,,,,,,,,,
2025-08-21,338.0,344.0,336.0,342.0,894880,-0.005847953216374269,0.017543859649122806,-0.01775147928994083,0.005917159763313609,-0.011695906432748537,-0.011840338948996165,0.023809523809523808,0.004421831109660457,0.023869362916937153,-0.6812988731725788,-0.27705371118481625,-1.1259251583137602,0.02327269664508817,0.025685634919951367,0.026543803537882597,0.001199842605221413,0.00045291794429375474,,,,,,,,,,,,,,,,,,,,,,,,,,,,,,,,,,,,,,,,
2025-08-22,344.8500061035156,352.8500061035156,330.1000061035156,338.0,1584688,-0.04393492930034209,0.023372763007350222,-0.023198491687422485,0.0427722190486852,0.020266290247087648,0.020266290247087593,0.0689185082682666,0.01388295151982193,0.016527744243433614,0.38621959737801065,-0.8465272857492091,1.8609645494839384,0.02546491198177933,0.028937974770048332,0.029059292756577777,-0.005069608441307227,0.00016713120432473543,,,,,,,,,,,,,,,,,,,,,,,,,,,,,,,,,,,,,,,,
2025-08-25,376.8999938964844,379.2999877929688,340.5,346.5,4250262,-0.09466085943136741,0.017316017316017316,-0.006367720709339121,0.09657732683986628,0.08773447011972403,0.09293892192464726,0.11395003757112719,0.025763691209882623,0.039530178676754756,1.6993404270713863,1.6604076220157602,3.4712678455686827,0.037820760866042386,0.03730500386374762,0.03662315778738379,0.016637267226014395,0.0006965106994732996,,,,,,,,,,,,,,,,,,,,,,,,,,,,,,,,,,,,,,,,
2025-08-26,355.25,375.75,350.20001220703125,370.0499877929688,1720347,-0.015403357370788967,0.05364133560529392,-0.057705840957072485,0.014215306947132302,-0.03999456365675907,-0.05744227712147576,0.07295827213696414,0.011811659983674727,0.05481716776798121,-1.2633621897117022,0.4786120008947929,1.2250827085705918,0.04183592986238097,0.0413152946528982,0.04230769379299548,-0.004037670100352953,0.002371331946003831,,,,,,,,,,,,,,,,,,,,,,,,,,,,,,,,,,,,,,,,
2025-08-28,337.8500061035156,356.3500061035156,335.6499938964844,355.0,1190216,-0.003802834094410211,0.054507059446522885,-0.054758027721721246,0.006511801590310396,-0.048309841961927814,-0.04897957465583214,0.06167142137179721,-0.0010113957109138428,0.06099602176221899,-0.7864148768900506,1.0053430487161907,0.4491203163009227,0.04261945578246083,0.04014674862791842,0.040326843773114025,-0.01519870387822353,0.0025144105374978196,,,,,,0.03781042639829489,0.03907059713961522,,,,,,,,,,,,,,,,,,,,,,,,,,,,,,,,,
2025-08-29,341.79998779296875,349.45001220703125,331.0,337.8500061035156,1260128,-0.034334781393969956,0.020275287789744235,-0.022381581882022147,0.03159739080947656,0.011691524694668408,0.011691524694668498,0.05574021814813066,0.00369497701781909,0.06085927853897159,0.13139405968686882,0.6306474548957695,-0.23842933024284108,0.0445949972079469,0.04302172822062672,0.042816991631648246,-0.015906802768531757,0.002457028678793364,0.0018576296800763004,0.03600953527915616,0.2730914169915565,0.3492914674028652,0.9248075208045927,0.036141732788528225,0.0378023028069517,0.03894696121280575,0.0007763659862803877,0.001211811056660036,,,,,,,,,,,,,,,,,,,,,,,,,,,,,,
2025-09-01,353.25,355.0,339.1499938964844,345.79998779296875,931075,-0.026605010213416543,0.01923075225920986,-0.004953998584571833,0.039915091588154636,0.02154428128982928,0.03349915920408586,0.04673450210455665,0.006341550809218744,0.06203641315110737,0.4377688363238703,0.42021734041833525,-1.020491001517012,0.04264727678386532,0.04014103974322376,0.04104404336222698,-0.004974572362497852,0.003029320504944455,0.0038775317312084888,0.03662035370238275,0.8088842536479925,0.18656986930963274,0.5984520320750081,0.03537944575357382,0.03678148235427126,0.03724894192536589,0.0010901271287502097,0.0012344842495584007,,,,,,,,,,,,,,,,,,,,,,,,,,,,,,
2025-09-02,342.45001220703125,357.25,340.25,354.0,553074,-0.009180790960451978,0.03884180790960452,-0.04321795084072382,0.006424330934761985,-0.032627084160928674,-0.030573213851291525,0.04996326230712711,-0.018360876345969012,0.03939102643899486,-0.3100284153355547,0.520820687119106,-2.1421255045138152,0.03391527186714106,0.033851033951406866,0.03398582699779506,0.013621686040028646,0.0008702217099878506,0.005156264276662314,0.03481610207423531,-1.0262342996286895,0.3376488656692989,0.8837629409338503,0.0342788634205747,0.03590592179800941,0.03642242495592709,-0.00034979579785926934,0.0011474845418797432,,,,,,,,,,,,,,,,,,,,,,,,,,,,,,
2025-09-03,360.3999938964844,364.7999877929688,342.20001220703125,345.79998779296875,1146930,-0.0549450568846619,0.01041057175540681,-0.012208640319090063,0.05049939511009149,0.0422209560986355,0.05241635581721438,0.066043175861328,0.0036108502417690146,0.0426464790913159,1.1444205152538285,-0.22518031942166863,-2.1459523204871807,0.03297837531622236,0.032489951163097476,0.03224670235559006,0.0160527122400133,0.0009395986025874901,0.008945080114398036,0.035662376571733836,1.218967435200936,0.12463533720141498,0.5133394861465976,0.03407118879985363,0.035370905991040036,0.03597642173292994,-0.0001249078205862772,0.0012076960823157923,,,,,,,,,,,,,,,,,,,,,,,,,,,,,,
2025-09-04,355.45001220703125,366.0,350.04998779296875,364.5,586642,-0.00411522633744856,0.03964338054055212,-0.029680651092013264,0.01519207829121487,-0.024828498746141976,-0.013734688605113843,0.04556495575844619,0.010659827451912674,0.03376967294769469,-0.7223793992559773,0.0011034414079281805,-1.6976087168906357,0.031184066102148796,0.032196027409143776,0.03180605020246198,-0.0031935229986436164,0.0008919154705096785,0.006546356616074345,0.035484443931708076,-0.5715475000882151,0.31576055576686074,0.6564474668381524,0.03289179672199128,0.03367267412510114,0.03410526844166302,-4.951449689043139e-05,0.00119610695454578,,,,,,,,,,,,,,,,,,,,,,,,,,,,,,
2025-09-05,364.25,370.3999938964844,351.54998779296875,356.04998779296875,928127,-0.040303346708327026,0.012638674776802972,-0.01688399147971002,0.03486619686213109,0.023030508322329404,0.0247573146455351,0.05361970347903007,0.013272985442085994,0.0343696632822561,0.3341414522782968,-0.3512816677621712,-1.9440514317571633,0.03093547850964394,0.03139364756918892,0.03104058852323987,-6.451638709238372e-05,0.0009450106785801243,0.008829685080987814,0.03509185397026773,0.4538839577425087,0.1454452166501298,0.7438941047672464,0.03323662933704567,0.03414222596256144,0.03447219914476263,-0.0002228676052251887,0.00116821477783256,,,,,,,,,,,,,,,,,,,,,,,,,,,,,,
2025-09-08,360.3999938964844,372.3999938964844,358.20001220703125,365.9500122070313,634537,-0.01762530803197262,0.02117775581768692,-0.03329633796677225,0.00610427782106182,-0.015166055814768176,-0.010569680448910379,0.0396426052639157,0.004459217511486746,0.03352632213130985,-0.4482715969122605,0.7324904868347812,-0.9496065875541954,0.03025788846096858,0.03074310935554669,0.030283845469984784,0.0012348025633083007,0.0008961619457811797,0.007912910408346529,0.035359596426533885,-0.5227036710008248,0.21895510573743338,0.6446921419100365,0.03340206771034811,0.03433453930341973,0.034599955780483985,-0.0005167993786737512,0.001178905543348211,,,,,,,,,,,,,,,,,,,,,,,,,,,,,,
2025-09-09,353.0,362.5,352.0,362.4500122070313,290736,-0.00013791637821808142,0.028831595682392373,-0.026912181303116147,0.0028328611898017,-0.026072594533762806,-0.020532724810782943,0.029829545454545456,0.006467315319588463,0.031117602544326883,-0.8676773890890203,0.9715552471153553,-0.8651256365096222,0.02839705338342774,0.028721368414954575,0.028347798509189174,-0.014273315309979117,0.0003671890906091906,0.005537744136140432,0.035606659962040446,-0.7321795690670393,0.3983452879974665,0.6478918679205468,0.032295535701156,0.03277076383770144,0.03273674644498964,-0.0006222546978005315,0.001191568091747672,,,,,,,,,,,,,,,,,,,,,,,,,,,,,,
2025-09-10,345.3999938964844,361.9500122070313,340.95001220703125,355.8999938964844,671878,-0.01699920880669252,0.04200613078347345,-0.047915514195136136,0.012883560417163107,-0.029502669795082904,-0.02152976233290549,0.06159260668173393,-0.00832190831043551,0.01905345840628289,-0.6931998244536373,1.9216829296618918,3.8641508559650197,0.027731839731450714,0.02891356927674416,0.027779115124532332,-0.006088018691190134,0.0002162994786234009,0.005063101576795165,0.035915196993369376,-0.7404348614490461,0.4140410153452759,0.5506165817182821,0.03248107445834097,0.03286310734213362,0.032743404788629187,-0.001286427918730475,0.001170380988048435,,,,,,,,,,,,,,,,,,,,,,,,,,,,,,
2025-09-11,350.25,354.0,345.54998779296875,348.8500061035156,407615,-0.014762774276564574,0.00945970546885313,-0.010706638115631691,0.013419021290596004,0.004013168616855203,0.014041708712273948,0.024453805543451362,-0.0027666288469579527,0.02102774735434762,0.7993408554890531,0.578615494792361,-2.3673143211318597,0.025844643879577942,0.027265811757065966,0.026283754194580365,-0.003239129375051742,0.00033274900882197247,0.004855376885826585,0.035847190435922265,0.2562636489704307,0.4337611501651047,0.5928668053277952,0.03235488808965047,0.0327426106776286,0.03260630935886919,-0.0009507973505906588,0.001190711490278963,,,,,,,,,,,,,,,,,,,,,,,,,,,,,,
2025-09-12,355.1000061035156,360.8999938964844,349.6499938964844,351.95001220703125,368187,-0.025429695635834738,0.006535070978187411,-0.016333392546543604,0.015347823467630441,0.008950117309930426,0.013847269389052563,0.03217503273668187,-0.00494863789825446,0.017771557099139884,1.0576398670331884,0.36878481207611297,-3.107180854144186,0.023312968859019168,0.024593067742753626,0.02361745365090404,0.008340833319898277,0.00011352359244174063,0.0041102889178277705,0.03547737944296692,0.27445602308022393,0.5005715720806154,0.8016171123674526,0.0317444110543625,0.03201952931036231,0.031901278868737684,-0.00044507355608799644,0.0011891257213948064,,,,,,,,,,,,,,,,,,,,,,,,,,,,,,
2025-09-15,355.25,358.5,351.29998779296875,355.0,273088,-0.009859154929577466,0.010422569597271126,-0.009148486980999296,0.011118964692558058,0.0007042253521126761,0.00042239902536267415,0.020495338620035553,-0.002750222003399849,0.01758123803203847,0.18045492717754139,-0.22290109874486602,-3.0301628210466816,0.02154436751986583,0.022646035895266817,0.021974239014914677,0.007728727939424927,0.00012781347346806172,0.005483374459281892,0.034731936023848116,-0.14571532754304806,0.4437642015209628,1.040162739619458,0.03101189910851499,0.03125176463048062,0.031153205528123354,-0.0009895934982754662,0.001113430442513128,,,,,,,,,,,,,,,,,,,,,,,,,,,,,,
2025-09-16,372.0499877929688,375.3999938964844,357.0,357.0,1144049,-0.05154059914981618,0.0,-0.009004182807229965,0.040451520727756436,0.042156828551733354,0.047290606032283744,0.05154059914981618,0.010814444165213488,0.025021320638754445,1.4578032228472346,0.3626532105090548,1.1735902037587813,0.02416667994789662,0.0245195149027852,0.024174091068772958,0.01240214270434672,0.0001932269018879263,0.00617114358717889,0.03544552385852342,1.1600748971641182,0.41978089746742675,0.7505051425663128,0.031508239711517394,0.031478879536718664,0.031270203588911145,5.057659886989812e-05,0.0011934808502791498,,,,,,,,,,,,,,,,,,,,,,,,,,,,,,
2025-09-17,372.1000061035156,375.0,369.0499877929688,373.7999877929688,376605,-0.0032103056346160894,0.01270733053803847,-0.007793587339199389,0.008196770385696592,-0.004547837733998874,0.00013443975860205626,0.016122510239369132,0.015147284583514997,0.019224419469189298,-0.7809257829071933,1.5617298833484017,2.664386984882185,0.018568274552695954,0.018363539345543335,0.01818120567104285,0.0005628798735887397,0.0002950289756376932,0.005561971624630807,0.03543901782057972,-0.15315130609734168,0.4767215715123701,0.7917086486114108,0.031431091377419784,0.03136783609229628,0.03116098725156945,6.139168994292196e-05,0.0011930024676414957,,,,,,,,,,,,,,,,,,,,,,,,,,,,,,
2025-09-18,390.75,401.7000122070313,371.5,372.5,2578681,-0.07838929451552029,0.0026845637583892616,-0.028023063869561885,0.04926423544465771,0.04899328859060403,0.05012091800744578,0.08129209207814618,0.022363126442549362,0.024697692624518756,1.1239022198105961,0.4069422627914314,-3.09191253160802,0.027263708467090416,0.02672423394071743,0.026357224401285184,0.0072259337970025815,0.00038355257830283845,0.00731123233414756,0.03677470583210267,1.164106814851182,0.3709570085977573,0.2455043691419524,0.03240416410932792,0.03203886224889063,0.03177584328836241,0.0008491122593531194,0.0012607870679220913,,,,,,,,,,,,,,,,,,,,,,,,,,,,,,
2025-09-19,377.8999938964844,394.2999877929688,376.5,387.0,416588,-0.018863017552890975,0.027131782945736434,-0.04339770881546183,0.003704667687472538,-0.023514227657663114,-0.03288549226747439,0.047277524018509445,0.013016574111243972,0.03529519772398817,-1.3005187486886156,-0.0900847425604979,-1.7435552066170257,0.0287209760479105,0.02810114588364412,0.028930604009172287,-0.006378547061051209,0.0009152290606802456,0.006258974668223649,0.037642396208398786,-1.0399036957951182,0.3755880274584779,0.04295834780417658,0.03284092945077712,0.032522775049807134,0.03241834329190226,-2.751989431367457e-05,0.001346077310987185,,,,,,,,,,,,,,,,,,,,,,,,,,,,,,
2025-09-22,376.3500061035156,386.7000122070313,372.0499877929688,380.7000122070313,396494,-0.01576044078700238,0.02272136626399283,-0.027501012184569747,0.011425583209274857,-0.011426335602926307,-0.004101581947612676,0.03937649481180648,0.012111777916648903,0.0357537713727323,-0.4534727174718899,0.012384261031464788,-2.0274259910097214,0.030046599058544374,0.02979104889861407,0.030723363155864054,-0.013580430798586928,0.0006538095325484728,0.0050405810584886355,0.03755942410143007,-0.24340530305823369,0.4819921785805044,0.14232726494787148,0.0320206492673556,0.03145151578526661,0.03151349618723363,4.564029475042568e-05,0.0013401055609257432,,,,,,,,,,,,,,,,,,,,,,,,,,,,,,
2025-09-23,373.1499938964844,379.9500122070313,367.2000122070313,378.75,336234,-0.003168349061468797,0.030495017275164866,-0.01822328399242404,0.015945281486735477,-0.014785494662747525,-0.008502755826051644,0.03472222106793235,0.0009531055449818248,0.030323909204796533,-0.31182857418455046,1.1825736854233473,2.5906577917590297,0.028366334892881713,0.02942841532168871,0.030576409723966264,-0.007149689112436586,0.0006333954667596067,-3.15028290463093e-05,0.03141092617938737,-0.2696912834924422,0.08108324496956983,-0.5911139296495848,0.028919352005372292,0.02931743398824562,0.029398946613565936,0.0012400325935346857,0.0008861860815763836,,,,,,,,,,,,,,,,,,,,,,,,,,,,,,
2025-09-24,362.4500122070313,372.5499877929688,361.0,372.5499877929688,262061,0.0,0.031002518242967424,-0.027865844242732148,0.004000585344726269,-0.02711039032847908,-0.028674747057402694,0.031994426019304176,-0.004808731818219125,0.03312590928941392,-0.720463702012565,1.4896931455134346,2.4328287960742245,0.0292872257479969,0.029713246833651848,0.03083093632534228,-0.01332085936882742,0.0005229701043522291,0.001406873674157344,0.029226285286456172,-1.0292659650968452,0.3246847661751441,-0.713663757204375,0.027654794273628762,0.02789125324180675,0.027727051473688365,-7.564251960801359e-05,0.0008112767145198672,,,,,,,,,,,,,,,,,,,,,,,,,,,,,,
2025-09-25,352.29998779296875,364.25,350.04998779296875,362.3999938964844,308712,-0.005104873440047737,0.03407838386179242,-0.033919990409008324,0.006386602548854547,-0.027869774485704275,-0.02800392901701676,0.04056566976779788,-0.020433701223111632,0.013127793641771305,-0.5766565197839059,0.5765551098481356,-2.8086989939723046,0.02304710431222553,0.02334906628911589,0.02284968917649294,-0.0014810038608874753,0.00013348442784881756,0.0024556559560981127,0.027657245681824674,-1.1013238745292628,0.5399544421094098,-0.8322362803404241,0.026994769921609322,0.027565250987401764,0.027379224523414628,-0.0012913723437148461,0.0006712279626433588,,,,,,,,,,,,,,,,,,,,,,,,,,,,,,
2025-09-26,345.5,351.8500061035156,342.0,350.04998779296875,320227,-0.005142175041615673,0.022996680684730608,-0.018379178302505426,0.010130246020260492,-0.012998108703433993,-0.019301697498112946,0.02880118743718019,-0.017716942269239346,0.011165642612020101,-0.14193139472040517,0.26878218334436327,-2.5960002750532496,0.02086622429032155,0.021045990909341946,0.02023172195845011,-0.004990140429196566,4.993425694528301e-05,0.0009059948464590406,0.02797893352456846,-0.722246697745913,0.6767612204681817,-0.7691049050570419,0.0262716202817836,0.02656590023897206,0.026598931065578278,-0.0014563621723765242,0.0006731567417740612,,,,,,,,,,,,,,,,,,,,,,,,,,,,,,
2025-09-29,338.8500061035156,346.75,335.0,346.75,323695,0.0,0.033886085075702954,-0.023314132371805234,0.011361977376914913,-0.02278296725734499,-0.019247449772747838,0.03507462686567164,-0.020746115834266377,0.008212357363338396,0.18248914352033488,0.7228956845387841,0.026184636550665868,0.020335463366879997,0.019539344677382383,0.018614306444327794,-0.001211633833410264,5.101813767801369e-05,-0.0017313356023826443,0.027220667874865163,-0.6434858340319822,0.9348055790749017,-0.20399483382368322,0.025961648499652826,0.02611165591990472,0.02606056021979709,-0.0012296396131695824,0.0006536420700983583,,,,,,,,,,,,,,,,,,,,,,,,,,,,,,
2025-09-30,347.95001220703125,351.3999938964844,338.0,339.1000061035156,437370,-0.03627244934113621,0.0032438988018768447,-0.009915164731767206,0.028596096732167852,0.026098513548283516,0.02685555832847064,0.03964495235646265,-0.01367445300336192,0.02310708060685819,1.7540083068651795,2.023235201836584,4.246889555522993,0.020941067051271873,0.019552494797927172,0.019288858997763704,0.01198170900160156,0.00014002703813935388,0.001140103006605464,0.027046532807762244,0.9507856517004261,0.7376558949244452,-0.6005001995892998,0.025659298047034998,0.02585756802110471,0.025908611317936186,-0.0012766534917717433,0.0006407468724850294,,,,,,,,,,,,,,,,,,,,,,,,,,,,,,
2025-10-01,352.04998779296875,355.1499938964844,343.6499938964844,347.0,156086,-0.02348701411090598,0.00965419626373379,-0.008805585033392066,0.02386023061425069,0.014553278942273054,0.011783231619770795,0.03346428111232289,-0.005582857267927221,0.023619186975963203,0.7352534575119438,0.7262390325701757,-1.890141279102906,0.021098366695084737,0.02082548682871725,0.020831410079384074,0.01257315771001587,0.0001301242051225449,-0.0008915532032667151,0.024387500407923045,0.5197246380740074,0.7458693720821762,-0.25293732105571176,0.024580065215381135,0.024948907815107852,0.025018787605280774,-0.00031498375291991767,0.0005617137764160571,,,,,,,,,,,,,,,,,,,,,,,,,,,,,,
2025-10-03,353.29998779296875,358.6499938964844,348.75,355.0,283037,-0.01028167294784331,0.017605633802816902,-0.015142955811961957,0.012878539343836632,-0.004788766780369718,0.003550632135613352,0.028387079273073476,0.0007280549625988009,0.02008134755203066,0.14055715960800286,0.16480717820250373,-1.8416008593873698,0.019687571324856407,0.02034398058958435,0.020755679822471812,0.0076735340659971245,0.00020484216548032172,-2.728716623035532e-05,0.02421406845830026,0.14776200488593416,0.6520692977538878,-0.2889006643127308,0.024135165726024213,0.024579796649346303,0.02459559096058919,-0.00045431031081470577,0.0005501423269425462,,,,,,,,,,,,,,,,,,,,,,,,,,,,,,
2025-10-06,343.79998779296875,354.29998779296875,341.95001220703125,354.29998779296875,214548,0.0,0.03485739771787424,-0.030541013300800186,0.005380964664406933,-0.02963590279922775,-0.02688933011106398,0.03611631859939895,-0.0007894715599914059,0.022153197393139163,-1.1781531165860368,-0.033383305354825636,-1.826393663883837,0.02049989081183917,0.020060790712599814,0.020263998338417622,-0.0038588686869489575,0.00036282958870528,-0.002609619404060309,0.02418571259761408,-1.003886513949515,0.8686395246071978,0.1208302982847838,0.02357983153882561,0.023663592491126283,0.023765998115782363,-0.00044671796337467887,0.0005490659909465147,,,,,,,,,,,,,,,,,,,,,,,,,,,,,,
2025-10-07,337.79998779296875,344.8999938964844,335.3500061035156,344.8500061035156,278662,-0.00014495517495726788,0.0275482088788142,-0.02101837288362214,0.007252758371781448,-0.02044372389667475,-0.017452007600457287,0.02847767293620047,-0.00043038312553329573,0.021790795327591744,-0.7811382842631276,-0.05053806665753267,-1.619655341938061,0.01978370513890459,0.019248704739254812,0.019357659291780082,-0.012728769358869064,5.582787002462755e-05,-0.0029537357616376547,0.024353310352541763,-0.5953306400214475,0.886736306685824,0.09052248206398575,0.023301737843907735,0.02319831977110567,0.02332773009034397,-0.0007844372548584339,0.0005429694237944296,,,,,,,,,,,,,,,,,,,,,,,,,,,,,,
2025-10-08,336.29998779296875,341.8500061035156,332.0,335.04998779296875,166764,-0.02029553367645154,0.009103082835667412,-0.01650317725840522,0.012786166961195033,0.0037307865857090835,-0.004440497496167262,0.029668693082878388,-0.006689594290460876,0.015612693859760727,0.14405565205440357,-0.22988981373394124,-1.533543017458527,0.01854771264165015,0.01884262612756096,0.019285741738581854,-0.005345009796794675,0.00013786670819122617,-0.0021491243959068707,0.0240052980916222,-0.09545280760583745,0.8370440191450825,0.13697284588467892,0.023298193644799375,0.02347649277266368,0.023704612490488077,-0.0010832396931953615,0.0005084257958998681,,,,,,,,,,,,,,,,,,,,,,,,,,,,,,
2025-10-09,343.45001220703125,345.8999938964844,333.6499938964844,337.29998779296875,312671,-0.025496609590137963,0.010821209690421642,-0.007133444758698332,0.028534045602652172,0.018233100019669497,0.02126085243411957,0.03671512130703227,-0.004794070127591121,0.018688512206488032,1.3941678328286233,0.3481430013554457,-0.5224172242650754,0.018964271258730483,0.01917318924738403,0.01958840216214857,0.005786927321190916,0.00021243133515215013,-9.593657555617696e-06,0.02409378435418728,0.8828188124784381,0.6151129244025375,-0.2175230978091141,0.022401490315676547,0.022480039492080068,0.022828112552404828,-0.001054821525455864,0.0005144893612994878,,,,,,,,,,,,,,,,,,,,,,,,,,,,,,
2025-10-10,335.20001220703125,348.45001220703125,334.0,342.0,223054,-0.018859684815880847,0.023391812865497075,-0.03952863817861778,0.003579988554087762,-0.019883005242598683,-0.02402096289641975,0.04326350960188997,-0.010308389133997741,0.01965351579952444,-0.6977160678169254,1.326226817266001,1.282820041174677,0.02079716789947064,0.020958554889641785,0.02128094351116726,0.004444959446386532,0.00026949321766568375,-0.0019127272379903027,0.024426438277485803,-0.9050945294307162,0.7839046385760231,-0.08352115969014552,0.022883408147974717,0.022980982058994095,0.02330787126788279,-0.0011759784170137573,0.0005208360784379992,,,,,,0.030746555006172762,0.031620495031972166,,,,,,,,,,,,,,,,,,,,,,,
2025-10-13,318.8999938964844,333.79998779296875,317.0,333.79998779296875,354004,0.0,0.05032950391654457,-0.04672309244797585,0.005957961532922189,-0.044637490836955125,-0.04862773781905294,0.05299680691788249,-0.014656070675595535,0.02570980328179683,-1.32135072256699,0.18023063559156757,0.6249879542910483,0.023110219847602257,0.0221104609864759,0.022263367598489948,-0.00819319258374438,0.0003945383784023049,-0.005036477598395578,0.026232889406013326,-1.6617025881512313,0.6888324373289195,0.06378969694322734,0.02352988294690653,0.023042981265339546,0.02336886082522671,-0.0015944936590229976,0.0005692211288056232,-0.0004391044129445576,0.030395549578330575,-1.585384507752502,0.48426539641608657,0.5762933363697754,0.029899865065669166,0.03070887888072624,0.031245734141972677,-0.0002648061664673801,0.0008908086753027036,,,,,,,,,,,,,,,,,,,,
2025-10-14,315.25,325.0,303.0,320.1000061035156,402682,-0.015307696979236512,0.053420824047050265,-0.030927835051546393,0.03885804916732752,-0.015151533930140584,-0.011445575309948608,0.07260726072607261,-0.013454784217493798,0.025686818168993344,0.07821945459833222,-0.051980596107686766,0.6195583030737039,0.028837474236041744,0.030270010569783217,0.030397309978410843,-0.00838987458807352,0.00038707011091033755,-0.005629876315161142,0.02623713720334518,-0.2216590533378,0.7625215107623731,0.14258025386685505,0.02519585330301461,0.025278838773443314,0.02552580557783149,-0.0015998594089632865,0.0005688629584248934,-0.0005300382827723715,0.030422059163394025,-0.3588033593830684,0.49153823547685144,0.5698378639829108,0.029876151706563353,0.03070109159339787,0.03086527115344652,-0.00030652360808272133,0.0008874251626447407,,,,,,,,,,,,,,,,,,,,
2025-10-15,332.79998779296875,334.5,317.0,317.0,589348,-0.055205047318611984,0.0,-0.0051082099440725014,0.047475926600086746,0.04984223278539038,0.05567006437103483,0.055205047318611984,-0.0014326718440533792,0.0406619659764573,1.4043279719468038,0.49725250144752553,-0.6249143039748001,0.031276587244264374,0.030623980434834705,0.031286197579069155,0.008139381146030166,0.0011902173307757542,-0.005210903398223587,0.027176764954120188,2.2401845058467287,0.8740459760796964,0.4219078559240307,0.025324986665279277,0.025205180113544882,0.02549089689378194,0.00011144059279165043,0.0007012347937626718,0.001706320299855686,0.030359958334653554,1.7774643652782516,0.5294892768578585,0.405648311655969,0.0294210855825839,0.030206404806893985,0.030460500160795982,-0.0003104949944126529,0.0008832157414513674,,,,,,,,,,,,,,,,,,,,
2025-10-16,325.8999938964844,335.75,324.25,335.0,270961,-0.002238805970149254,0.03208955223880597,-0.03022401438474492,0.0050628840975322715,-0.02716419732392724,-0.020733155497519973,0.03546646106399383,-0.009831473430381288,0.03911008563319528,-0.2787434977612454,1.5217192576659093,3.0742638695788145,0.031177884313264494,0.029931743625126173,0.030528730525329194,0.011087341698788732,0.0009778207466972953,-0.006254283161029689,0.027360699152577873,-0.529185027610163,0.972601758906485,0.4951258119790539,0.025664112705490173,0.02539733451273421,0.02565675291244522,-2.5905710661953347e-05,0.0007111551509426383,0.0017588564086552872,0.030317941092008874,-0.7418713506275545,0.5296737785043746,0.4177776388383776,0.02896861422908707,0.029593439187649773,0.02993587599140541,-0.0004246805721882375,0.0008632353662342725,,,,,,,,,,,,,,,,,,,,
2025-10-17,322.6499938964844,334.0,320.0,334.0,179417,0.0,0.041916167664670656,-0.03517745643335435,0.00821321539319344,-0.03398205420214259,-0.00997238435368708,0.04375,-0.007021757721834753,0.038332756637472265,-0.07697402667273702,1.2700068009084535,2.698338731143849,0.031223786491959057,0.02896024035640829,0.03077441983089545,0.006802312674316036,0.0010829772697038176,-0.009258948279086332,0.023928237035043223,-0.029815655602036712,1.1099505833364993,1.690166251721294,0.024115433426460168,0.02364853582870396,0.02422386605176346,0.0008111133133060877,0.0005220571663914588,0.0008746130943543462,0.02999429104283898,-0.36163540030165525,0.6108910075385039,0.6172477258760514,0.02839886106946548,0.028688008102335988,0.029072207871838774,-0.0003727383692958888,0.0008527313622616592,,,,,,,,,,,,,,,,,,,,
2025-10-20,325.0,329.5,319.04998779296875,325.0,146540,-0.013846153846153847,0.01830772986778846,-0.013846153846153847,0.01830772986778846,0.0,0.0072834531162879745,0.03275352642800367,0.004160480465233429,0.03052036266422015,0.10232423137997934,1.6802898740736265,2.8378206066041636,0.02928288395580496,0.028930878650827066,0.03021067776075913,-0.0028184391872248748,0.0007293068308202488,-0.007250501009898214,0.023523124433234593,0.6178581492198343,0.9625486589698816,1.5377697054612638,0.023702396469581836,0.02329826861546899,0.02375737105781851,0.0006743826386865108,0.0005105486818295868,0.0014384672497347916,0.029841026759138408,0.19587080276194704,0.5697776233240455,0.6404746148801801,0.028344836380765875,0.028685356957169148,0.029068697763745602,-0.00041100699325875904,0.0008374981451021129,,,,,,,,,,,,,,,,,,,,
2025-10-21,333.1000061035156,334.95001220703125,325.95001220703125,327.04998779296875,113767,-0.024155403482428575,0.003363325567936769,-0.005553905943011929,0.021465006801177935,0.018498757181965395,0.02492309570312501,0.027611595836614163,0.011434214667848153,0.030203357913604952,0.44660203259058345,0.6933611117699138,-0.27459980101685016,0.023592541636953762,0.020296302145989747,0.022048343171374093,-0.0033477328722011706,0.0007073796326386256,-0.005799267127361329,0.02459836678091743,1.2489594575164922,0.7755941797402415,0.6632190570463354,0.023415454301457653,0.02280631516300177,0.0234268292340461,0.001183725223540223,0.0005282355861630066,0.0017816129037189854,0.03001341946334412,0.7710378628356257,0.5342710669116632,0.5343612752273104,0.028324696638617853,0.028629187795357176,0.028989373723088074,-0.0003402535033341814,0.0008586796289348715,,,,,,,,,,,,,,,,,,,,
2025-10-23,325.25,336.20001220703125,324.5,333.6000061035156,185867,-0.007793783141325383,0.027278195254864312,-0.03366644798472329,0.0023059185242121443,-0.02502999385714828,-0.023566514439138486,0.03605550757174499,-0.004413101094186511,0.02038090326616359,-0.939772545643279,0.7531360313766708,-1.002799705085869,0.020948124931152605,0.019539597883539834,0.020657617880050088,0.002922876217357507,0.0003152185635917859,-0.006552455058015672,0.02491409842068769,-0.6829088933434978,0.8261483389450787,0.5887631383733624,0.023449918876524666,0.022676908273227995,0.023232547996861523,0.0008872207411370184,0.0005635035937134278,0.0007708706022694356,0.02999878381997406,-0.8112790567597405,0.6149739213221159,0.6241667729433548,0.027857276717439747,0.027964081899409632,0.028163980577422785,-0.0003382088390167454,0.0008581077682511658,,,,,,,,,,,,,,,,,,,,
2025-10-24,324.70001220703125,329.45001220703125,322.1000061035156,325.25,179214,-0.012913181266813989,0.009684839036078016,-0.014628887654526367,0.008007409934613248,-0.0016909693865295927,-0.0016909693865295727,0.02281901882719462,-0.0006046638719884312,0.018235060506533965,-0.05957235591030246,0.2883733680631058,0.07459018906290638,0.01969583999076148,0.019225300935500702,0.02108633471137756,-0.0014287137621111444,0.0002619314993134722,-0.005203266174472016,0.024377908170866623,0.1440770374276778,0.7413547851476713,0.6872488511751264,0.023263551130297988,0.02273122060113537,0.023300668901176304,0.00060737118908522,0.0005523023693835962,0.0009777894374588469,0.029944269703526996,-0.089124191386577,0.5983958941869983,0.6329958829617355,0.02754518914169867,0.027580546534623183,0.02779432068198026,-0.0003753673998144837,0.0008493835346973569,,,,,,,,,,,,,,,,,,,,
2025-10-27,321.04998779296875,325.95001220703125,320.0,324.0,139980,-0.006018556194540895,0.012345679012345678,-0.015262496808510436,0.003270480712946925,-0.009104975947627315,-0.01124122043991549,0.018593788146972656,-0.0008584310892341129,0.018406044430461913,-0.5640967232208737,0.32387236696277655,-0.1178779506880782,0.016737574964430665,0.01749515438125124,0.017384820029513984,-0.006366341220206151,0.0001899653761967185,-0.004365130745616952,0.023834851720986722,-0.28848888068576073,0.7261684795889861,0.889243402606489,0.022777148174735688,0.022349018533351004,0.023008133191245145,0.00016110423364396764,0.0005388321591445933,0.00038904097802762607,0.02988816035171372,-0.38912603790538286,0.6578207642582046,0.7135209122171434,0.027453647964574376,0.0274692415436885,0.02768283635363519,-0.000361950469019181,0.000848153641049224,,,,,,,,,,,,,,,,,,,,
2025-10-28,324.5,326.75,321.1000061035156,321.1000061035156,124739,-0.017595745216718993,0.0,-0.006933744221879815,0.010477639126300077,0.010588582472303943,0.010746028152027298,0.017595745216718993,-0.0001659160820862482,0.018848774476042825,0.5789206214962596,0.18142662283592464,-0.8171771488768845,0.015072106583013549,0.01496883494106095,0.01511389231058057,-0.0016028841102972429,0.00027908256445689203,-0.0028627444631099397,0.023790760900983823,0.5720192251007185,0.5488764504204091,0.7185639640479144,0.022577552315965834,0.022092813130353117,0.02276365730892753,0.00014113740451075324,0.000537037956784236,2.8980966087595038e-05,0.029647005027392988,0.361488358639851,0.6942569704750465,0.8588051031974868,0.02707417180331225,0.026992552177238394,0.027231675233091567,-0.0002681280561573781,0.0008463943636530182,,,,,,,,,,,,,,,,,,,,
2025-10-29,323.04998779296875,325.0,320.75,325.0,116059,0.0,0.013076923076923076,-0.006036255318730869,0.007119603404667919,-0.006000037560096154,-0.004468450560959125,0.013250194855806703,-0.006044225334903075,0.012623251257298528,0.1248311343745825,-0.14509466956546188,0.6071461845557723,0.013643775262712255,0.013797293162744122,0.013657113812913126,0.0050633125294915595,7.620291030129856e-05,-0.002123794502520504,0.023482585444281584,-0.09984658903943584,0.48568718219379425,0.8457162681134591,0.022168420859683978,0.021731839277048158,0.02242892417375952,-0.0001405071273400215,0.000523203798283877,0.0004803981909428079,0.0293972253268433,-0.16834407658817452,0.6806334146457854,0.9347392882513464,0.026700255175270846,0.02658020900676068,0.026850806049338247,-0.00034499994456484336,0.0008221259714944686,,,,,,,,,,,,,,,,,,,,
2025-10-30,324.8999938964844,325.8999938964844,321.79998779296875,325.8999938964844,77997,0.0,0.012580565143606323,-0.003077870171701535,0.009541416318103443,-0.003068425954980625,0.005726686808300574,0.012740852265517733,-0.00018558508541526296,0.008621068938733384,0.685793366893604,0.05184292478679033,-1.0340678001224266,0.010354345858870734,0.011394915226462587,0.012378664415619498,0.002160808226861666,5.012007933056868e-05,-0.0031802380785290072,0.02256768797422126,0.394676003009428,0.5819810046800412,1.5224028509115495,0.021611796374790323,0.02123977822109311,0.021987493887126033,0.00042921133458209487,0.00047771011968307287,-7.577254237805641e-05,0.029019726494320428,0.1999487952381031,0.736150268772548,1.1736774671508134,0.026613028564138184,0.02648872179672443,0.026698184655303124,-0.00025170514352263536,0.0008121078567298843,,,,,,,,,,,,,,,,,,,,
2025-10-31,334.95001220703125,338.54998779296875,323.1000061035156,329.79998779296875,442760,-0.026531232031132744,0.02031528786368247,-0.010747799536464472,0.03537843162158533,0.01561559916519893,0.030932651583086557,0.047817955424312865,0.006339139108507963,0.01620578338907586,1.5175762802776205,0.8090970044192384,0.6152464057139895,0.01509554012716721,0.016697014972156744,0.01804754063042737,0.007932840270227736,8.424202269702392e-05,-0.002222767080363219,0.023617744300398886,1.4038351098114736,0.5338862824823304,0.8627917140451857,0.02206527531721851,0.021862770680984574,0.022663550066393794,0.0011528036407738175,0.00048572015876054175,0.00029652290909240044,0.02930002136143522,1.045600898923491,0.6991046598785464,0.9975209780721123,0.0268366208551223,0.02676614554040333,0.02699525713427519,-0.00014839234586132467,0.0008367357017043437,,,,,,,,,,,,,,,,,,,,
2025-11-03,335.79998779296875,343.6000061035156,333.04998779296875,340.8500061035156,312342,-0.008068064986816604,0.022884019864673324,-0.02322816734393639,0.008189398749160949,-0.014815954877856719,0.0025376192117052554,0.03167698152598342,0.009094907038832112,0.01339702288065819,-0.489458582368615,1.3175463498929745,2.215131915631769,0.016539235765967043,0.018203113400661806,0.019574772464400987,0.00189842842634016,0.00013637611667203053,-0.0022734177265586243,0.023605794226624385,0.2038074589685964,0.5414738601011111,0.8772761838886121,0.022142378886122402,0.021882586163798345,0.022848798863060443,0.0013119680942210426,0.0004721399406978007,4.4561216984291275e-05,0.029223878384981635,0.08530893681798801,0.7287535587032653,1.0665984369204515,0.02660832324535564,0.026420449520174152,0.026658519216343653,-0.0001067783268871607,0.0008345799809929123,,,,,,,,,,,,,,,,,,,,
2025-11-04,346.6499938964844,352.0,337.0,337.8999938964844,637190,-0.04172834080557918,0.0026634918992040233,-0.015433452178606494,0.027837859704004576,0.02589523574445687,0.032310918695461543,0.04451038575667656,0.01340788514751896,0.01703796484134601,1.1094654628040206,0.39479825266819785,-2.93342851412315,0.019707849351359122,0.02118131659609666,0.02194878511450733,0.007036967091624602,0.00013319598505073902,0.000686594713767652,0.024063880566675275,1.314182219865596,0.335132963837203,0.4509332380350272,0.022400542834266512,0.022352753839181432,0.0233822173099891,0.0014173577422990657,0.0004833208067898189,0.0009275863698734454,0.029522941140985793,1.063015103262174,0.6424735934543157,0.8394466619970219,0.02678971576048213,0.026598637299516725,0.026856681106719574,-5.996336371883501e-05,0.0008534231878029784,,,,,,,,,,,,,,,,,,,,
2025-11-06,343.8500061035156,355.54998779296875,334.75,354.95001220703125,741106,-0.0016903100867835807,0.05690945629619873,-0.034026411172814866,0.026465045636137285,-0.03127202626222573,-0.008077276337136952,0.062135885863984316,0.012686119992283395,0.0180320065765207,-1.1514745317615493,0.2344655350581362,-2.5851082383743944,0.025259281869329114,0.02682392152313047,0.028085030567099052,-0.0026229659178500066,0.00024636270852814314,0.0011553312769336688,0.023781614828517532,-0.38822458780214597,0.3045198458890494,0.5877985740798701,0.023518034915673683,0.023654288644946942,0.025087030385484002,0.0010057606005201849,0.0005036527603395388,0.00036071503818895455,0.029415959002041213,-0.2868508000959745,0.7030877634430927,0.9506105308168671,0.026680715587405496,0.026357525472847265,0.026894287308113878,-3.379118484275279e-05,0.0008477548820805303,,,,,,,,,,,,,,,,,,,,
2025-11-07,337.54998779296875,345.0,335.1000061035156,343.70001220703125,269315,-0.003782332693621462,0.025021838225409553,-0.022070841287070653,0.007258129989789201,-0.01789358218107356,-0.01832199563390513,0.029543401122547792,0.007876383503842255,0.022902045452897257,-1.1439318462462102,0.16132888326315498,-2.65779632070594,0.026222477375927537,0.027637073197677886,0.029377677114581037,-0.010912418998282557,0.00018144117195310146,0.00046125637004677534,0.02415319204968869,-0.777671620600309,0.35655665513518997,0.4138032924086487,0.023515312275597167,0.023522733530967694,0.02477870677893735,0.0006391578820682627,0.0005406244688392053,-0.0018645033129820931,0.026314569956858106,-0.6254136908908096,0.31372375631744664,-0.18423152612880495,0.025178842826470437,0.02527581517162645,0.02579515799983299,0.00014897163524256598,0.000673985862030841,,,,,,,,,,,,,,,,,,,,
2025-11-10,340.95001220703125,354.95001220703125,338.1000061035156,345.54998779296875,621921,-0.027203081308439774,0.021559779923698546,-0.04106173778782251,0.008359014522589452,-0.01331204094469107,0.010072654531238845,0.04983734338755581,0.0037043840934727124,0.01926278119190912,0.3305997391716714,0.6613364218144174,0.40676767614740444,0.02647376958820701,0.028050651685668764,0.030269041900438734,-0.0035562843690299497,0.0002715494743710807,-9.815352509726094e-05,0.023772666775945177,0.4278362268816905,0.41710478252864397,0.6765815178020544,0.023920296774566644,0.024140996465928988,0.025638612438059937,0.0011048782447811785,0.0004962925664930789,-0.000514204679927801,0.025109074091412033,0.42163479117645486,0.4257174735832325,-0.23503117817519237,0.024804551271843774,0.02498829917908669,0.025547779057781182,4.095023164754309e-05,0.0006175070707969168,,,,,,,,,,,,,,,,,,,,
2025-11-11,339.95001220703125,343.95001220703125,333.0,340.95001220703125,264238,-0.00879894381167625,0.02331723690393609,-0.011766435818110753,0.020444218142279865,-0.0029329812705587506,-0.0029329812705587432,0.03288291954063438,0.0026102639970199126,0.019499530390168888,-0.2842758341694938,0.9021144637058569,0.5355320729679711,0.02657470480056877,0.028474714547401102,0.03139579022772426,-0.005233786906366477,0.0002494002975871897,0.0009562455561957894,0.02311430898683597,-0.1682605709290085,0.3663289521747744,0.9952170080697658,0.023637007602195528,0.023910973706428622,0.02535020196540474,0.0006866521365394187,0.000491880634984559,0.0004067271877776668,0.024120178318086938,-0.1384611844196886,0.5333179596551852,-0.1936028090038115,0.024433226523194948,0.024858498489738697,0.025438571216833857,-8.343170937104211e-05,0.000568697745015109,,,,,,,,,,,,,,,,,,,,
2025-11-12,338.1499938964844,340.3500061035156,331.0,339.95001220703125,281689,-0.0011766256276548586,0.02632743605133524,-0.006506024683545389,0.021144444848557813,-0.0052949499806184885,-0.005294949980618524,0.028247752578597053,-0.004910909738196101,0.010228025084151778,-0.03754783932017231,0.3612893876723376,1.465192776763665,0.025007779353333853,0.027332760463054932,0.030754057999369457,0.002095366707638324,7.490887441867218e-05,0.00312288494811751,0.02004964080532643,-0.41984966266825763,1.0823593901223636,1.0947592566056432,0.022904388465203325,0.023752840494751504,0.025264132528364427,-0.00018555565750546493,0.0003807438641089063,6.699769427192636e-05,0.024077578173370008,-0.22269464296956606,0.5777788773091046,-0.13932668185995667,0.024111333346545742,0.024435805199243373,0.02514311369031636,-6.921118156311808e-05,0.0005671376187020357,,,,,,,,,,,,,,,,,,,,
2025-11-13,336.5,348.6000061035156,334.5,339.79998779296875,254323,-0.02589764163237256,0.015597374877476141,-0.03595841338340453,0.005943536404160475,-0.00971155948062996,-0.004879473388337496,0.04215248461439649,-0.00427134914843621,0.010079433398677302,-0.0603331770594455,0.07262922530980633,1.8474417304381892,0.022050577030735465,0.024995810000940047,0.027554372602130874,0.0011517439979277899,7.862295363717177e-05,0.003451190044198066,0.01985131024704141,-0.41965307724597894,1.079276163200238,1.1732458964122752,0.021604512793936204,0.022060249675049975,0.02380294521422761,-0.0005299033821761668,0.00036503427258288836,-0.0007005749575765408,0.023596981183696224,-0.177094620630891,0.6548391195213347,0.1095121272522709,0.024054196251109716,0.024414501707907023,0.02510928055497417,1.0247441969131243e-06,0.0005456809518805747,,,,,,,,,,,,,,,,,,,,
2025-11-14,331.5,342.75,329.1000061035156,342.75,187779,0.0,0.0398249274879194,-0.033936651583710405,0.007239800592713046,-0.03282275711159737,-0.014858841010401136,0.04147673547046634,-0.003578718223735411,0.008925462730746512,-1.2638137794030397,0.6456454904447283,2.0317885388545895,0.023328420269155964,0.025383349697443037,0.028137590037780193,-0.005180948320105872,1.004665697514024e-05,-7.52552248737326e-05,0.015972255432640508,-0.9255790985733945,0.6889348615852277,-0.07640189095499322,0.021082397445983753,0.02190754570499164,0.023587795756512007,3.303328761795888e-05,0.00024232101408871737,-0.00038628750075873295,0.023293689099381943,-0.621307919406652,0.6786495948147503,0.18466625274695472,0.0239451681707047,0.02426332678794398,0.025066782924753866,-0.00010544630599121988,0.0005294285170136133,,,,,,,,,,,,,,,,,,,,
2025-11-17,332.1000061035156,337.6499938964844,330.25,335.45001220703125,104830,-0.006558299625564932,0.015501600887770826,-0.016711796720770965,0.0055706295378355935,-0.009986603015677002,0.0018099731629430682,0.02240724874030091,-0.005231254497394566,0.006076166059255478,1.1588273907708846,-0.9864634765741718,2.1585815577929055,0.020224024547643923,0.021516844387946384,0.023436184087607916,-7.798216277898896e-06,2.9535713559364307e-05,0.0010519012081494194,0.01521519589858544,0.04982334501944381,0.6960358539314239,0.12047847456230536,0.02077061078655231,0.021784261276474367,0.023506187497356917,-0.00026621225099636583,0.00021757068391491094,-0.001398415153844159,0.02201700916745284,0.14572316759217696,0.6542246480510627,0.3919456292343667,0.023396785181689694,0.023772943916288716,0.02460351915000671,2.903396203941716e-05,0.00047487817012541503,,,,,,,,,,,,,,,,,,,,
2025-11-18,325.8500061035156,336.95001220703125,324.79998779296875,336.95001220703125,132515,0.0,0.03605883357735923,-0.03406477181402719,0.003222397701024767,-0.03294259000262472,-0.018819632294893363,0.03740771204033131,-0.00840858470226149,0.008315106600446603,-1.252064235962134,-0.18529575467326245,-1.5592644828590185,0.020755545450930155,0.020177867336280183,0.021509867707474997,-0.0020359918077269114,4.7022272939170246e-05,0.0006095388110891053,0.015674267917465488,-1.239558441152647,0.6319379198385864,-0.03929204729047565,0.02055906331533115,0.021537116004108275,0.023021827382580715,-0.0007241589678056736,0.0002159620345068383,-0.0015001140276397495,0.02208678798548383,-0.7841574011864729,0.6557048083219222,0.3665030172490269,0.02329843829882169,0.023558462642866995,0.024430586537705974,-4.216841903746951e-05,0.00047769937438417036,,,,,,,,,,,,,,,,,,,,
2025-11-19,321.45001220703125,335.79998779296875,318.0,326.79998779296875,285564,-0.027539780710461946,0.026927748230344595,-0.04464139070150459,0.010732655392805693,-0.01637079493811599,-0.013503126635162954,0.05597480438040488,-0.010050220033170377,0.008356865360812506,-0.4131820309304187,0.6995173674031469,-1.0564949704713011,0.02426512908334243,0.024643741535353918,0.024559671967865734,-0.0021208097778143142,4.687409069965264e-05,-0.0004297901764834411,0.015896032141747292,-0.8224276562919991,0.7788761402668831,0.028482960321696654,0.02138780751106742,0.022511707974012512,0.023922160211748665,-0.0008203908798880892,0.00021767102619842126,-0.0022653228532537105,0.021819681480708713,-0.5150306062829032,0.7491347879908163,0.6034418716837031,0.023335287905430085,0.023649183170918568,0.02450963704548499,-6.106894688692512e-06,0.0004665687634118005,,,,,,,,,,,,,,,,,,,,
2025-11-20,335.20001220703125,338.0,322.04998779296875,323.70001220703125,358239,-0.04417666745042567,0.00509738755588054,-0.008353185235683642,0.039230381668186175,0.03552672093396419,0.04277492449166331,0.049526510826278264,-0.0005193404571702143,0.025440714123125666,1.7017708205556596,1.768722423803881,3.029419877361562,0.025186940879863357,0.024160087274159844,0.024469936014953717,0.009995443120602288,0.0003179661817212933,0.0004628012629434741,0.01778369607660277,2.379264864090207,1.0579077723349217,0.6733261809051352,0.022049908515953915,0.02301297676961785,0.024413081094739553,0.00019712805407173453,0.00029915477647013243,-0.0011984307544422369,0.022692071385447043,1.9378290548789077,0.6862505000294433,0.25503760110932017,0.023462492940091263,0.023662734374331865,0.024562236798218513,7.953295561250523e-05,0.0005033142181803027,,,,,,,,,,,,,,,,,,,,
2025-11-21,325.3999938964844,333.95001220703125,319.95001220703125,331.1000061035156,275030,-0.008607689673749492,0.03367560764404946,-0.026275410174920872,0.01674856112992695,-0.017215379347498984,-0.029236330410674416,0.0437568353363305,-0.0033948383372248703,0.02813637119442102,-0.9184372744760165,1.4328794382818262,2.08753689496084,0.025446982511290156,0.0257820798092886,0.02733090320529145,-4.980503606782927e-05,0.0006333193461089605,0.00017931046436667764,0.01822658576619037,-1.6138865091017758,0.9155009821132881,0.6379471187045315,0.02228561704934608,0.02346636949502033,0.02517134476200685,-0.000606555503478988,0.0003033650137625568,-0.0013725028664400662,0.022876049733833392,-1.2180349259786796,0.6672996212781337,0.20738366210830075,0.02361115639968097,0.023930919129549907,0.024912528964363082,-3.378786455694263e-05,0.0005126096360747802,,,,,,,,,,,,,,,,,,,,
2025-11-24,326.1000061035156,332.0,323.8500061035156,325.45001220703125,151247,-0.020125941150071464,0.004916288349984144,-0.018092590573615352,0.006899723881899501,0.001997215769255799,0.0021512360791682283,0.025165952579538645,-0.003326585753979838,0.028152562594572415,0.19457631307084444,1.4188392499032711,2.0233186085605226,0.025625911564806036,0.026169820108458846,0.02774658629870851,0.0026208532972611717,0.0006203156805015246,0.00037142073765156767,0.018226083913939307,0.09765209849360224,0.8805778130176841,0.5916318894363185,0.022329545004160706,0.023523729752610103,0.025284893890028085,-0.0006079158720410871,0.00030329270132236627,-0.0008988828981985919,0.022694625252877475,0.13439829666189762,0.6331804865720317,0.24277036579105085,0.023155405366820373,0.0234529179861656,0.02455341301665076,-7.486143115741949e-05,0.0005035780133567172,,,,,,,,,,,,,,,,,,,,
2025-11-25,334.45001220703125,335.20001220703125,322.6000061035156,326.70001220703125,156574,-0.026017752318336345,0.01254975803587492,-0.0022424875844696784,0.0354313220840316,0.023722068290247846,0.025605660678414743,0.03905767472140886,0.005558472840681783,0.029036985828070707,0.6904018191293427,0.17892314619011576,-1.5331363878126065,0.025793208439265785,0.02722146484397324,0.027916553891443006,0.003759388621466031,0.0006462512311692466,0.0022137647935680793,0.018842339445462833,1.2414539050499565,0.6241118036752427,-0.0812781108781239,0.022780712914199235,0.023928629215468674,0.025670158010108128,-0.00043078422230755916,0.0003311116977033535,-0.000667603858875776,0.022907912279781853,1.146907855085462,0.6111357271884963,0.12628803496218363,0.023292737614907397,0.02355333368853231,0.024666398510821884,2.4091404731567522e-05,0.0005141561286962272,,,,,,,,,,,,,,,,,,,,
2025-11-26,331.79998779296875,337.8500061035156,329.70001220703125,335.0,110835,-0.00850748090601679,0.015820859083488806,-0.018233931685138784,0.00632904057623959,-0.009552275244869403,-0.007923529129435614,0.024719422489334585,0.006674392341827251,0.02821692579285462,-0.5173462757221944,0.08011485457525909,-1.028076958997301,0.022233404035022927,0.02275812146637819,0.02353530399637751,-0.004655491615310871,0.0005936087165991119,0.0012802869294949338,0.018859841701897237,-0.4880113101906192,0.7730065096297302,0.07777514478224701,0.022896010016249236,0.024088244315508815,0.02572737129915574,-0.0004408827591567521,0.0003314458921261451,-0.0011030198292455396,0.022833173753248913,-0.29871052416528776,0.6706127497748162,0.2194670451363082,0.023229692968819222,0.02346476455921801,0.0245695744837327,4.2565267751347207e-05,0.0005105494394027302,,,,,,,,,,,,,,,,,,,,
2025-11-27,337.54998779296875,339.8999938964844,331.70001220703125,334.0,141265,-0.017664652384683757,0.006886190996912425,-0.006961949899275263,0.017330694111965115,0.010628705966972305,0.017329717334371386,0.024721077442514804,0.0015853509103688657,0.021596153711585693,0.7290356715490562,-0.5120282104179399,-0.5009294753578667,0.019203835250848244,0.02072250017810342,0.021656147160956467,0.008305733028148776,0.00023514468183778625,0.002370195324261459,0.01913794409405867,0.7816681842410688,0.5858205967789232,-0.2843605706728331,0.023062028028612697,0.02427676416971933,0.02585416984913888,-0.00030237472126719,0.0003449077957439071,-0.0007648734630653652,0.0229809411305612,0.7873737935551154,0.6227379322414356,0.10085294765090297,0.023258360359554572,0.023485802205936362,0.024588855871665267,8.967213366261962e-05,0.0005158866248249376,,,,,,,,,,,,,,,,,,,,
2025-11-28,331.79998779296875,336.95001220703125,330.8999938964844,332.1000061035156,59349,-0.014604053039384399,0.0036134061577138485,-0.015521472584489455,0.002712459100649331,-0.0009033974857963695,-0.017034514021451175,0.01828352499891404,0.004025714188213514,0.017553645536766402,-1.1997637849957543,0.10405493421405557,-1.8737796340898167,0.016129603646296276,0.017380243630704523,0.019580430223123748,-0.004664744354528216,0.0002029846975181454,0.001232135282773872,0.01959904707048082,-0.9320172168848674,0.6821734424211183,-0.34272551421035063,0.023127616309846544,0.024366528090557237,0.026487248509633972,-0.0005265876208188581,0.00035569647089758743,-0.0020513758641400636,0.022016077974712424,-0.680554373695473,0.6614190265045615,0.34516043930823714,0.022915066570674637,0.023297543135372273,0.024555265486930603,0.00016907751502645633,0.0004690602499331184,,,,,,,,,,,,,,,,,,,,
2025-12-01,324.8500061035156,337.0,324.0,331.75,105583,-0.015825169555388093,0.023360964581763375,-0.03740185829829629,0.0026166110129139564,-0.020798775874858705,-0.020946298809961572,0.040123456790123455,-0.0005937927896124462,0.020892046500585924,-0.9741748382466184,0.4785563526738474,-2.60736414962881,0.01808972411703465,0.01900617712657416,0.02106328291880585,-0.010221490386876819,0.000140224354128085,-0.0013618122368785346,0.018881237234987917,-1.0372459351758985,0.901550746731321,0.32307304528953684,0.022879013895221,0.023957816604824506,0.026096460143788733,-0.00037446687304096895,0.00033401356770077997,-0.0024729906355113363,0.02217464499518526,-0.8330824767864969,0.6935827149063342,0.31198819859358984,0.023117493972712237,0.02350406095194933,0.024750836376363532,0.00012997189065260738,0.0004783626798653134,,,,,,,,,,,,,,,,,,,,
2025-12-02,322.5,329.1499938964844,321.0,326.79998779296875,104956,-0.007190961417674161,0.01774782132685728,-0.020620136113129846,0.004651162790697674,-0.013157857875113624,-0.007234126702668986,0.025389389085621106,-0.007161750265829192,0.014898848725129638,-0.004857854333249126,1.3995746438267396,2.284612128654082,0.01633069578948292,0.017498930984076892,0.0196337727101978,-0.00368972112907997,0.00015035247064667907,-0.0018503995325972467,0.01890144164872945,-0.284831563122257,0.9825798201725785,0.4271247101855925,0.022743069432043725,0.023796934847967584,0.025822879454411807,-0.0003967871094543215,0.0003341663912401895,-0.0036200915297136317,0.020841866381864176,-0.17340266494080178,0.6656402946328489,0.5013114815346651,0.02224611894591809,0.022670737050878617,0.02386850854813514,0.00024757062647494046,0.00041293183085073246,,,,,,,,,,,,,,,,,,,,
2025-12-03,317.8999938964844,325.8999938964844,316.1499938964844,322.5,80140,-0.010542616733284884,0.01968994140625,-0.025165146755570515,0.00550487585278105,-0.014263584817102713,-0.014263584817102659,0.030839791833721812,-0.008429761403362601,0.015245649043819589,-0.38265497237751406,1.681213465842345,2.909247309077164,0.017036089119130134,0.01816627120141182,0.020151588992097742,-0.00533862169841659,0.00012894208853624458,-0.004179124708225457,0.017269775420724328,-0.5839369570941555,1.2662238518712652,1.7589396859528872,0.02235362445486089,0.023464543962294127,0.025411535712824323,-3.472909262452318e-05,0.00028329278277481316,-0.003247653380706197,0.020471319449399967,-0.5381153600589897,0.704706101878595,0.6235737320486237,0.022048855348036522,0.022463950604434502,0.023592402997970326,0.00015085674370385476,0.0004059541186789596,,,,,,,,,,,,,,,,,,,,
2025-12-04,323.25,325.3999938964844,318.29998779296875,319.0,68771,-0.02006267679148707,0.0021943956333268025,-0.006651179880848801,0.015313262821442382,0.013322884012539185,0.01682921109227098,0.022306020659145196,-0.008529862651782683,0.015034411399062125,1.6867353879670746,1.6665663873243046,2.854083144953909,0.016802287465299368,0.017724246342504545,0.019647784174723064,0.007441016422030322,7.008937010714918e-05,-0.0029338003367550603,0.017861743372423085,1.106443588229934,1.0074162849997494,0.8416918335924537,0.021045867116149006,0.02209112523582376,0.02370496318199759,0.00020384022767795117,0.0003017082171097262,-0.0028290375199085237,0.020666575800756863,0.9512097602283766,0.6411039301758397,0.4427745959986673,0.021883857098854015,0.022231669677497963,0.02342208729817802,0.00019600517118350188,0.0004105646540718975,,,,,,,,,,,,,,,,,,,,
2025-12-05,315.20001220703125,322.70001220703125,313.29998779296875,318.04998779296875,96457,-0.014620420036266072,0.01493475925895008,-0.023794415322147298,0.006027996004056359,-0.008960778793655108,-0.024903287835943533,0.03000327092343877,-0.010103617414681154,0.016488712362840656,-0.8975637451603109,1.39156356382842,1.9491886140959167,0.017935330190908774,0.019039849508784772,0.02047296510264683,0.001614935974297604,0.00021228607190543403,-0.0032628649468569803,0.01821724429715895,-1.1879086944264925,0.9424779038353939,0.7070611902617681,0.02105709081300057,0.022212714935004152,0.024236137486011982,-0.0003529810984308703,0.0003111317847362568,-0.0031570481601063617,0.020887435100931866,-1.0411158464768606,0.6453938625817425,0.3623953568185634,0.021835818906526742,0.022190627306177456,0.023544451204141018,0.00013017093833360917,0.00042403055965260707,,,,,,,,,,,,,,,,,,,,
2025-12-08,302.95001220703125,318.8500061035156,293.20001220703125,313.70001220703125,274497,-0.01641693878253838,0.06534905706816072,-0.052483885973962495,0.03218352733828908,-0.034268407974767205,-0.0388642116928406,0.0874829223348486,-0.013687199991256959,0.020814107382467948,-1.2096128476203902,0.5229214908353634,0.5688160748673354,0.026784298215186332,0.029176994313427233,0.02930326742817326,-0.00738998729991841,0.00023735782831721424,-0.005709708258060953,0.01956819488817511,-1.694305664076078,0.8088585494266762,0.7969159436701824,0.02296919274779494,0.024291798220061195,0.02546103199622479,-0.0006510109323659654,0.000349676682090027,-0.00336083745281512,0.021189010617479652,-1.6755560172657304,0.5836793409303852,0.32552295477875204,0.02281193177845701,0.0234367847028933,0.024622440888593895,-1.6338240867643632e-05,0.00043993909766633593,,,,,,,,,,,,,,,,,,,,
2025-12-09,290.0,304.1499938964844,287.1000061035156,300.0,377450,-0.01383331298828125,0.042999979654947916,-0.04879308240167026,0.009999978953394396,-0.03333333333333333,-0.04274636634832485,0.059386929399163006,-0.02078964792038813,0.02389287250460578,-0.9189652028530335,1.1289243297662142,0.9906168430767401,0.03020149266836578,0.03234209847768574,0.031745255730103034,-0.011265898584755596,0.00020285454337308075,-0.007700377511949258,0.02122575312731771,-1.6511069654942483,0.6365504890391962,0.4850781340532063,0.023847977130791544,0.0250018919185029,0.026096368120289124,-0.0011362629902437603,0.000385077104396072,-0.0036556861994412816,0.021636762702421333,-1.8066787849232637,0.493960805942001,0.2856143419108604,0.0230864878744648,0.023749643411360093,0.024948201979885894,-0.00016936050188345446,0.00045281327973474436,,,,,,,,,,,,,,,,,,,,
2025-12-10,288.1000061035156,302.20001220703125,284.0,302.0,291648,-0.0006622920762624173,0.059602649006622516,-0.04894135996112901,0.014231190616644674,-0.046026469855908525,-0.006551703091325467,0.06408455002475792,-0.019247271575232695,0.024656197879348106,0.5149037392557985,0.786506694805665,-0.6471276282093198,0.03352454643364668,0.03440919602651011,0.03956851529871963,-0.006460490687957421,0.00040286659523408656,-0.007763215167484605,0.021220116722373505,0.05709262074330513,0.6468527523238394,0.49873671024160005,0.02498621765330099,0.025686826731292616,0.02798864960105699,-0.0010818729209581986,0.0003888612562069353,-0.0034006863113055317,0.021523439292034156,-0.1463993155213874,0.47289310014840485,0.32774891238573833,0.023558472189499288,0.02405691128432623,0.025736685232969615,-0.00021449142164021702,0.0004444124019851264,,,,,,,,,,,,,,,,,,,,
2025-12-11,278.04998779296875,287.0,276.29998779296875,287.0,237468,0.0,0.03728227249836673,-0.03218850062922957,0.006293832320909937,-0.03118471152275697,-0.03488378374742507,0.03872606833066079,-0.029589870543171904,0.014490113178100282,-0.3653465738455481,1.2472670387734137,1.0828340395407945,0.03453872932278856,0.03486652418982908,0.03923117610417579,0.0012351516778552063,0.00016491950459670686,-0.009263430685438983,0.022049907580610942,-1.1619256438296697,0.6947542945790339,0.28508191123154236,0.024891815756021413,0.025213861506204478,0.02749164856606113,-0.0014237768500234462,0.00039448608085227484,-0.0037134129907990766,0.021869202612350588,-1.4253089748696455,0.44016843720431437,0.22897872991026683,0.02359750997058327,0.024034058927181252,0.025729504473011304,-0.00032737769827423456,0.000446377347678623,,,,,,,,,,,,,,,,,,,,
2025-12-12,279.04998779296875,282.6499938964844,277.20001220703125,281.0,132492,-0.005871864400300267,0.013523088231205516,-0.012900936251559782,0.00662954906599037,-0.00693954522075178,0.0035964756119484242,0.019660827739728666,-0.023889917853593512,0.020956954275342825,1.3115643191473394,0.6603425267282371,-2.475737676753237,0.034018076827126556,0.034186324337671256,0.037487201308965074,0.009278395721047782,0.0001791778916863319,-0.008340664854321505,0.022189149434194807,0.5379719714661113,0.5553734271487788,0.0694785844796353,0.024426515576263276,0.024990043762430657,0.027144875169981902,-0.0013284124869962616,0.00040906483377342346,-0.004178594645129521,0.021449033985855112,0.36249046284347036,0.47363344131040797,0.4516178003928236,0.023423772401038927,0.023896954034592296,0.02558128268963723,-0.00023531517348108295,0.0004393283624190724,,,,,,,,,,,,,,,,,,,,
2025-12-15,298.75,304.70001220703125,277.0,280.0,258103,-0.08821432931082589,0.010714285714285714,-0.019916358851987448,0.07280334728033473,0.06696428571428571,0.07059671409714219,0.10000004406870487,-0.0019977326955969545,0.04489969659264105,1.6168137493525334,1.2862355091534161,1.749966420716568,0.036126815955714306,0.03380991163097792,0.03857090189387031,0.023683433959420797,0.0004909761150684854,-0.004901327807611549,0.028327318279077997,2.6652025850436787,1.1228506691094275,1.3788002751361377,0.027415647558172742,0.027570370758914855,0.02949585949515481,-4.0462412980948775e-05,0.0007622606757117406,-0.003002324995582093,0.023823491353292998,3.089347316951974,0.8421850679171238,1.2389494596863824,0.02462488186478782,0.024904292792486994,0.026504227431031348,-2.0283083786906197e-05,0.0005561218906788608,,,,,,,,,,,,,,,,,,,,
2025-12-16,297.95001220703125,307.3500061035156,293.0,293.0,148163,-0.04897613004612841,0.0,-0.03154889582603127,0.01661356604876298,0.016894239614441125,-0.002677783407426748,0.04897613004612841,0.006015983892582666,0.03899629493000904,-0.22293828979427607,1.393092422042375,2.931284179318998,0.03507116118757529,0.033256974455630986,0.04066179482365727,0.011322833721236472,0.0009601556876570594,-0.004094235363238219,0.028139220842113215,0.05033728416856539,1.0569895354939676,1.3507260960444838,0.027722273233819976,0.028280993695943446,0.030643447439763955,-0.00022846019540907428,0.000750489509596686,-0.003126893306442895,0.023804804218269318,0.018866355501108104,0.860079591940035,1.2720987266695118,0.024844003514231928,0.025164666549312164,0.02709251819183849,-3.4713982401796594e-06,0.000555332820254084,,,,,,,,,,,,,,,,,,,,
2025-12-17,293.29998779296875,304.20001220703125,291.6000061035156,298.0,106384,-0.02080541009070889,0.021476489585518038,-0.03716339879889966,0.005796051006497446,-0.015771853043729026,-0.015606726711027696,0.043209896569901735,0.00420497916864222,0.039925055542366854,-0.4962223749105755,1.4719183518836307,2.783779726085695,0.032874864571971626,0.0324215529703414,0.03489576115818505,0.0032279855053419576,0.0012543682672034669,-0.004199415367031456,0.028180142511896586,-0.4047996329039325,1.0630222815211594,1.3429888500216105,0.027336809075250195,0.027762814024523526,0.030207508542432187,-0.0005414857986560063,0.0007446652819589018,-0.0029012412384421694,0.023627773948262508,-0.537735188274892,0.8682031315200116,1.3490127078324037,0.024920929590130186,0.025369413825339658,0.027289317968206717,-9.102943492014758e-05,0.0005453806336571317,,,,,,,,,,,,,,,,,,,,
2025-12-18,288.79998779296875,295.0,287.20001220703125,295.0,40106,0.0,0.026440636586334745,-0.021468187219854856,0.0055400819029274686,-0.02101699053230932,-0.015342653212711332,0.027158730715324774,0.008113205275584966,0.0358951515846409,-0.6534547829666438,1.9491021405051465,3.953793393217419,0.0320689544111655,0.03195758891478359,0.03449607733607839,-0.01240816984574894,0.0007228441679855719,-0.0071052942522501885,0.02599290258435869,-0.3169080072426386,1.3791051138448005,3.0961527171529393,0.026797601630866814,0.02729712860525589,0.02972078532157697,4.102519229487558e-05,0.000641793473564068,-0.00285905415068725,0.02360313379765592,-0.528895830911396,0.8672067486329945,1.3597076360864435,0.024910735870543967,0.025351794295985237,0.027273342804090876,-0.00015593787531399916,0.0005409018302542581,,,,,,,,,,,,,,,,,,,,
2025-12-19,301.20001220703125,302.75,289.0,289.0,61306,-0.04757785467128028,0.0,-0.005146041600766466,0.04050468696078775,0.042214575110834776,0.04293637443970977,0.04757785467128028,0.015981185041137234,0.03884769737372014,0.6938683942901414,0.8084083618517559,-1.685615013859908,0.03401347778586294,0.032727451010932336,0.03442051176622033,-0.006798554912014944,0.001114874175208749,-0.003496659009730979,0.027711796450911836,1.6755692302984169,1.0755568683664176,1.5034274939878398,0.026907184937062876,0.02694614795927818,0.02943195578193548,0.00040646876058083827,0.0007240530190367708,-0.0019115167119697096,0.02447327458856048,1.8325251485815748,0.796200285026094,0.8848307652560213,0.02509906404989814,0.02535090848787101,0.027274204832741483,-5.2056848168262205e-05,0.0005863980058147055,,,,,,,,,,,,,,,,,,,,
2025-12-22,309.5,311.54998779296875,302.0,302.95001220703125,76149,-0.028387440961911606,0.0031358711627383156,-0.006623546988590468,0.024232633279483037,0.02162068832825328,0.027556399258256814,0.03162247613565811,0.007373122073360161,0.026538699076911164,0.7605224780010499,0.6315004220745352,-2.1515670047934243,0.023907288852287073,0.02342746843808391,0.02688361968406124,0.011901146648210459,0.0002801674558714542,-0.00222640085077655,0.028553783214406065,1.0430421736201747,0.9095625638141552,0.8191374278712368,0.02702472035412764,0.026946651777375007,0.029435721700253943,0.0009392611695723054,0.0007452190752023766,-0.0017856057754869648,0.024610734337473985,1.1922441903355008,0.7856935603560159,0.8061501324974667,0.025051472899691028,0.025265535985687322,0.02721108475757017,7.402808383613891e-05,0.0005924332370009655,,,,,,,,,,,,,,,,,,,,
2025-12-23,311.95001220703125,316.75,309.45001220703125,310.45001220703125,89474,-0.020293082767757948,0.0032211304901902382,-0.015387041529535673,0.008014104510888206,0.004831695735285357,0.007916032979099263,0.023590200371634954,0.009491885350665363,0.02595206377593579,-0.060721659177923215,0.29016726316777186,-2.1171947068912367,0.021115337012258862,0.019861438705439757,0.020388483216902842,0.008994457185122207,0.0003770071712741979,-0.003110882235742324,0.02791307121636965,0.3950448565607801,1.0241392615045914,1.3152261821018443,0.02671453531577961,0.02670546300346729,0.0292232081970453,0.0015236066845201685,0.0006629967713005585,-0.0011468658579765845,0.024435686199079508,0.37088783851780055,0.7383425255409087,0.8183287651834968,0.02487082702817536,0.025075526215352927,0.027029878385903566,4.240153333468173e-05,0.00058478629422092,,,,,,0.027963446513377295,0.028536272715999792,,,,,,,,,,,,,
2025-12-24,317.04998779296875,319.75,308.5,311.95001220703125,86751,-0.02500396694260152,0.011059503356395406,-0.008516045768764822,0.026967317843115096,0.016348694939472577,0.016348694939472663,0.03646677471636953,0.015882969680765434,0.021833942455855838,0.021330332790280047,-0.38273432504089167,0.2996271029068704,0.02023152290747259,0.01852096524606216,0.0182830705213288,0.0028362354843757486,0.000365288371086835,-0.00189727103229691,0.028218795416609307,0.6465891156016594,0.8672289217055017,0.9249936730225926,0.02694529080302224,0.026963815712953813,0.029458408365489675,0.0017256114826867289,0.0006574757056359828,0.00015266279719392762,0.023571540237885713,0.6871011388660729,0.8325394354738528,0.8470559527455627,0.0246693323260143,0.025080321463300102,0.027010159610199966,-3.271212769484437e-05,0.0005442823141556637,-0.00014322080787531499,0.02706232890587588,0.6094048965522397,0.5910823503204992,0.7770758023335972,0.02740965056651177,0.028036206651521046,0.029184152650978068,-2.830123282677535e-05,0.0007243785496154258,,,,,,,,,,
2025-12-26,314.79998779296875,320.0,308.79998779296875,317.6000061035156,85206,-0.007556655700132899,0.02770786568460795,-0.01651846381408086,0.019059721196514015,-0.008816178390230455,-0.007096672722376018,0.03626947101610692,0.017532165778832497,0.019015187178303913,-1.295219356520966,0.09528356495845444,-0.32152133934408295,0.021191475094999312,0.020662773689621942,0.0200352734691453,-0.011127379864295572,4.1624709452085776e-05,-0.0031185905351342803,0.027869273922375083,-0.14274079038879808,1.0268620536656206,1.3434490286217735,0.027169547019718594,0.02728580731481366,0.029713647644574202,0.0019549183425277296,0.0006107898921244736,0.0002396408489453794,0.0235358664332121,-0.311707818029122,0.8267050093272779,0.8570990607643464,0.024130740379249997,0.02436762486766661,0.02637304021884504,-7.817323616654651e-05,0.0005415856414136744,-0.00014519871691349607,0.027062834868676184,-0.25686422132769576,0.5912584317179169,0.7769714288045895,0.027155819560863513,0.02771586338829741,0.028679362802468075,-3.6526336346814437e-05,0.0007239613609599462,,,,,,,,,,
2025-12-29,307.75,314.79998779296875,306.0,314.45001220703125,68156,-0.0011129768559432556,0.02687235452059017,-0.022908165046202276,0.005686433793663688,-0.021307082038273282,-0.022395133628801966,0.028758130042381536,0.004465864165130151,0.01963086603224644,-1.3683042688900826,-0.379821853109981,-0.9061710934985557,0.01874088513933947,0.01968599846224081,0.019715527840096243,-0.011491577147559284,4.4184030264191925e-05,-0.00338662151550182,0.028035435777341546,-0.6780173586123804,1.0287234188947627,1.2883233505865475,0.02732692384338436,0.02733973859680241,0.02945019633145257,0.0014598140477966464,0.0006758287292138676,-0.0013216631110513565,0.022342798269187687,-0.9431885059273184,0.8383579672720471,1.1654823048588687,0.02381727530169378,0.024241278781009703,0.026208592227274098,4.316446917100245e-06,0.0004892127417532257,0.00019232859440216466,0.02656318455808364,-0.8503296046380996,0.6768855317701298,0.8328716542276431,0.0267662369381129,0.027386734820863356,0.02839293881069766,-8.368512918609358e-05,0.0006927113290224708,,,,,,,,,,
2025-12-30,306.04998779296875,310.0,304.0,304.6000061035156,38077,-0.01772814769625853,0.0019698164527013114,-0.012906428245647517,0.006698212301042433,0.004760281222582647,-0.005524003922116161,0.019736842105263157,-0.002150216470944444,0.014910111026602809,-0.22627513941057598,-0.1390816248438072,-0.5113394279121941,0.017574384774609424,0.01903732026111242,0.01981706596801956,-0.006562390237070547,9.171919741330025e-05,-0.002615506771109549,0.027737549414741745,-0.10485775464579526,0.9843416947620929,1.3458870471010638,0.026939575546260936,0.026952147232650502,0.029246817365267234,0.0011520219508723405,0.0006867751755300282,-0.0010174800795432802,0.022176038896664627,-0.20321590630194472,0.8286591338569388,1.2339381946458565,0.0236908452242512,0.02418673887220948,0.026265502234723688,-5.3109762516372766e-05,0.00048135376741183044,0.0003706881645560034,0.026463136073656437,-0.22275107796238183,0.6711215286649672,0.8667411514354145,0.02646163976205076,0.027025635794792825,0.028134121393224822,-0.00010135508515283485,0.0006847347401434862,,,,,,,,,,
2025-12-31,307.6499938964844,315.20001220703125,305.5,309.0,61144,-0.020064764424049353,0.011326860841423949,-0.02454093437455827,0.006988441212866683,-0.004368951791312702,0.005227924088655689,0.031751267453457445,-0.002687838249033159,0.014499207198566285,0.5459444940183747,-0.050269166345999636,0.10412518623355045,0.018442384875419382,0.020151239689491923,0.021323694796087256,-0.0020668872901374096,0.00015963756136930178,-0.0019924042315433155,0.02776829309354656,0.26002060320650505,0.9078517739712523,1.2198865781395403,0.02705593984449905,0.027168855755975947,0.029522898742154493,0.0011911453852879725,0.000685348187576963,-0.000713473910696425,0.02215495159621598,0.2681747226370331,0.7900241501171443,1.2020163045040337,0.023560087197741508,0.024197514519658698,0.026127842467655645,-6.034507169954606e-05,0.0004802666944870275,8.056959182896062e-05,0.02624621567770444,0.1961179683972226,0.6996554544860011,1.0009669247238056,0.0260918858920545,0.02653791172840083,0.027607847771266535,-7.794287531567273e-05,0.000676913128773828,,,,,,,,,,
2026-01-01,310.25,315.6000061035156,306.75,307.6499938964844,87176,-0.025841093335780163,0.0029253824616918334,-0.017244177610042304,0.011281224818694601,0.008451182041597746,0.008451182041597782,0.02885087564308272,-0.004267340828608135,0.012146214150419565,1.047118280041735,-0.7134457045528019,0.1753597629771697,0.01749100449244739,0.019326808791499405,0.0209653608299962,0.0058718767245405255,4.9066542013880204e-05,-0.0008566658886082934,0.027704429167897438,0.33596967018514007,0.7856289317331322,1.0896160644263195,0.027018057348362455,0.027164782163255394,0.029593751398692712,0.0011465839919743898,0.0006854463519589171,-0.0006901193321902288,0.022164167135788473,0.41243604227417846,0.7862506663217967,1.1913915369393981,0.023524896428037716,0.024138672385984727,0.026114715250019103,-1.9196864254714365e-05,0.00048134855452058243,0.00037417395877228145,0.026173159584550226,0.30859889333320245,0.6768423382368604,1.010116954658547,0.026046597679949393,0.02650967001226264,0.027600630669924166,-8.569133985916973e-05,0.0006720653802900439,,,,,,,,,,
2026-01-02,310.70001220703125,315.25,306.0,310.45001220703125,48763,-0.015461387032472589,0.014334070001787115,-0.014644311600274157,0.015127170976419057,0.0008052826225475596,0.001450482536764719,0.03022875816993464,-0.0025579097767799873,0.0122494865731094,0.32722941403471567,-1.3514597408443065,1.635480826730775,0.01668385560524458,0.018474143393726213,0.019988675955402112,0.006166641829484732,4.3984994137528196e-05,-0.0016256023163836065,0.02739946209569642,0.1122680745484956,0.8900348575100058,1.4035617963713656,0.027151295157031147,0.02740988046766497,0.029760140035755462,0.0014587939443657823,0.0006424353445538963,-0.0011595715955174347,0.02185704531111475,0.11941477428126519,0.8528026975883006,1.4759262347156163,0.023547121542712855,0.024222232577208673,0.026164562420024313,4.856608692799242e-05,0.0004676846291929852,0.0003110206541007754,0.02616276119466683,0.043552814406157485,0.6848073590778496,1.0234234332254921,0.026045684600495927,0.026517418283519018,0.027584966231065374,-8.057216738523814e-05,0.0006722358184544234,,,,,,,,,,
2026-01-05,309.25,315.0,306.0,310.70001220703125,60655,-0.013839676936039205,0.015127170976419057,-0.018593371059013743,0.010509296685529508,-0.0046669203413646845,-0.004666920341364733,0.029411764705882353,0.0009877328807074593,0.006088395752422736,-0.928759143132582,0.06489051513438944,-2.317529095519595,0.016762404101880894,0.01947004120905161,0.020686579117024383,-0.00020632743903881162,2.956970824629458e-05,-0.0006137839416546665,0.026863008593553596,-0.15088169985109975,0.8567788649674528,1.598512708801241,0.027140123383960248,0.027415378264447426,0.029473399455219925,0.0010478041410684888,0.000649035209687628,-0.0007815797135619595,0.02162381414531283,-0.17967878384882247,0.8496263648437783,1.587519237760444,0.023483569322209734,0.02423568152253624,0.026173664884202925,-1.4560644095834276e-05,0.0004581933998539721,-5.354555646261972e-06,0.026028064617227408,-0.17909767223464948,0.721557878095951,1.1330895229913156,0.02576340325173521,0.026166372841289007,0.027156134904858256,-6.73720388562734e-05,0.0006669034314743052,,,,,,,,,,
2026-01-06,309.70001220703125,317.8999938964844,307.1000061035156,313.0,118928,-0.015654932576627395,0.018849820755541133,-0.026477175867760452,0.00839524055871702,-0.010543091990315496,0.0014551728602465452,0.035167657369985034,0.0023835682371800004,0.004907857312152794,-0.1891651117555049,-0.37252231391342466,0.38823086772464066,0.018428173930829204,0.02129341185472001,0.02174475610904063,-0.0020663604839780804,1.0729959417668917e-05,0.0014021852859996907,0.025309355565639947,0.0020935963426421877,0.9602462673493279,2.173939897277445,0.025125494452824505,0.02503889650648989,0.02752213741623843,0.0004734065444227888,0.0006010835227935375,-0.0007186568686264372,0.021625691297025948,0.10052070470329594,0.8403376071528644,1.5751921706313954,0.023588626403157672,0.024359352546975993,0.026299337039226357,-1.1524773613468431e-05,0.00045828945374305345,0.00012956628441620487,0.026000021182426364,0.050984826763384686,0.7090327653063199,1.1353643760809442,0.025643329936259267,0.026019844385164765,0.027025828890736573,-7.379625128623055e-05,0.0006647033053757282,,,,,,,,,,
2026-01-07,307.5,315.0,306.0,307.25,44152,-0.025223759153783564,0.0040683482506102524,-0.024390243902439025,0.004878048780487805,0.0008136696501220504,-0.007103687827950678,0.029411764705882353,-8.275414614127286e-05,0.006079724305611726,-1.1548111935485168,0.34547977395500906,-0.510146957269253,0.01815853367112305,0.021003887893161377,0.022351240714648297,-0.0031105049415615094,1.0219956122839476e-05,0.0031843192120183995,0.023204402194897226,-0.44336445100195104,1.3893312414194525,3.025365682789064,0.02421620175194989,0.024226735567572235,0.026955895162868927,-0.00034518832285982196,0.0005075601641349838,-0.000635906216387141,0.021592495659918488,-0.2995384004438861,0.8341536684078242,1.5894809470518467,0.023665086133473515,0.02447504845571426,0.02649592417793153,-5.2317919310593505e-05,0.00045634113690231037,-0.00012343261917975744,0.025945479904969343,-0.2690355019193147,0.739661756106123,1.1980075468347953,0.025629466325574356,0.026015257330027155,0.027063407992774773,-6.71437574137682e-05,0.0006626797204481569,,,,,,,,,,
2026-01-08,294.79998779296875,314.0,293.0,314.0,66664,0.0,0.06687898089171974,-0.06512894505448548,0.006105793309031071,-0.06114653569118232,-0.041300852705792646,0.07167235494880546,-0.010033161095619358,0.017880875120115124,-1.7486667403095186,-1.9939975463665303,4.1246427657444995,0.024839641605807528,0.02317992634518141,0.025515985213196653,-0.008793943797170068,0.00010111366103334951,0.0014468617312950404,0.02518793211832335,-1.6971506130902345,0.9978073830490636,2.191348770928962,0.024561220821860845,0.02400530032141709,0.02567623014347864,-0.001134417446776086,0.0005599208053043647,-0.0016768438335435399,0.022276311871506794,-1.7787508587959493,0.7736494569530548,1.4254480740875293,0.02433936506516606,0.024779019374168793,0.026876036213891112,-0.0001201260213606167,0.00048330428732979987,-0.0008239314337279723,0.026103236353207507,-1.550647617956804,0.7540936029636478,1.2252972894488787,0.02574311044348268,0.025909435290897113,0.027024504305861372,-7.41071296933098e-05,0.0006699890607263713,,,,,,,,,,
2026-01-09,287.3999938964844,298.0,282.8999938964844,292.0,76934,-0.02054794520547945,0.031164404464094606,-0.03688241589640928,0.015657620374274636,-0.015753445559985018,-0.02510174424322309,0.053375773875205,-0.01534360645161692,0.017557667540494093,-0.5557764303886326,-0.9162000808812918,-0.6302675921054425,0.027351125173377514,0.02644975290623516,0.028720592479471094,-0.008362567336975591,0.00010675228663911355,0.0019359637065051393,0.02453175689096924,-1.10215130819601,1.1293963582357165,2.4665699473321925,0.025019649976737304,0.02494554623939755,0.026487111664821705,-0.0020873250171286927,0.00042684896092261987,-0.002089509707188819,0.0225188753906649,-1.0219086937873412,0.7823021694129548,1.3166075806447708,0.024711537334417874,0.025251514094061924,0.027306768872932725,-0.00018208002199314945,0.0004900536136424076,-0.0008045557581230057,0.026084293108146656,-0.9314873278092238,0.7556166019180601,1.2326187857642161,0.025725121028431587,0.025924375352992496,0.02705079224116029,-0.00010441770206360196,0.0006645014716500293,,,,,,,,,,
2026-01-12,281.04998779296875,288.0,272.0,288.0,210815,0.0,0.05555555555555555,-0.024728740469296417,0.03220063400122005,-0.02413198682996962,-0.02209466332070542,0.058823529411764705,-0.018829155047485058,0.016612695862894312,-0.19656702922697322,-0.15187439233254302,-0.6991478135670258,0.030383238272434315,0.029964287115822528,0.03273725514423768,-0.006509772877717634,0.000136031045227484,0.0006514067598724471,0.025106139772809042,-0.9059963135078526,1.1730492093633342,2.271167774068104,0.026039665925706387,0.026151317329008206,0.02782629137010473,-0.002404401079912671,0.00040657928518714897,-0.002645936709768939,0.022665050136505913,-0.8580932534365324,0.8285081693722101,1.2992668713920268,0.025160900164470874,0.025771490057734776,0.027857988882391427,-0.000210009265919793,0.0004942457722749654,-0.0013608546260734976,0.025937326511034732,-0.7993811037467939,0.8045807418846729,1.372334231609418,0.025897144499366195,0.026132566676660234,0.02725593890711941,-9.625330330102473e-05,0.0006582976475358583,,,,,,,,,,
2026-01-13,285.0,292.04998779296875,279.0,285.0,116939,-0.024736799273574563,0.021052631578947368,-0.024736799273574563,0.021052631578947368,0.0,0.014054482756074682,0.04677414979558692,-0.01630929306831943,0.020868983024390556,1.4549715138924857,0.5635050089694533,0.2667609299430514,0.03142780060779144,0.0315601733465167,0.034293209378403876,0.006152253055313794,0.0002727111266646047,-0.002175704807180928,0.01933566661155135,0.8393911567320627,0.3101806837856034,0.6701330611508021,0.023493199579562928,0.024293619379471294,0.026234901704035966,-0.0011085289761453728,0.0003143157898231906,-0.0029835000863091764,0.02227710701629658,0.7648202627890552,0.8560613500528242,1.563401465504641,0.025147692290128042,0.025789600225207862,0.027836171263534718,-8.848088384238764e-05,0.00048471374556296765,-0.001343488588608388,0.02594715695725291,0.5934357806541473,0.8022690388938801,1.3638398073135447,0.026005870937545528,0.026282408820978476,0.027392432710635756,-7.880553553605612e-05,0.0006613476617894403,,,,,,,,,,
2026-01-14,279.6000061035156,287.0,277.5,287.0,57399,0.0,0.033101045296167246,-0.026466358136432562,0.0075107512792333235,-0.025783950858830576,-0.01894734700520828,0.03423423423423423,-0.018678024903770952,0.020225105179455975,-0.013316227483004569,1.1677800031515972,2.5460732689959293,0.03176205349003209,0.031187450941368516,0.032414549845512806,0.00838632384004665,0.00018658304851577553,-0.0029891829870700047,0.01969677107797231,-0.8101918814492864,0.3950788370580283,0.47438335327424463,0.023046363075458,0.0235285444265155,0.024740766270823975,-0.0013560514215346074,0.00030742204237976334,-0.003413199410647447,0.02237543064387369,-0.6942502176517451,0.8968062051149196,1.5584927075405004,0.0251707066631603,0.02575186154016545,0.02774618829525014,-0.00011252176810780517,0.00048801001443574463,-0.001684319096831578,0.02595235649710713,-0.6651815186917993,0.8361364009806311,1.405431839491578,0.02589949169242705,0.0260882974303798,0.027181977689571615,-7.92758838724843e-05,0.0006615528619277528,,,,,,,,,,
