Date,Market_Return,Cross_Sectional_Dispersion,Valid_Stock_Count
2021-01-14,,,0
2021-01-15,-1.5951521292517008,2.148658907130303,147
2021-01-18,-1.9102652258503405,2.3942726798349963,147
2021-01-19,1.9792394081632658,2.3410040382820663,147
2021-01-20,0.3956226802721088,2.6251303605524257,147
2021-01-21,-0.7216063605442177,2.871418309341405,147
2021-01-22,-0.976438850340136,3.190981274775516,147
2021-01-25,-1.2541191020408162,2.773987137352098,147
2021-01-27,-0.9701238027210883,2.9859681441334986,147
2021-01-28,-0.30526159183673474,2.682660524960249,147
2021-01-29,-0.3384449931972789,2.8474107820803454,147
2021-02-01,1.8754333959183669,3.180076088414757,147
2021-02-02,1.6386532136054421,3.2726504865561883,147
2021-02-03,1.278610674829932,3.092302882036449,147
2021-02-04,1.3514400142857144,2.991997849453897,147
2021-02-05,-0.14794574829931967,3.153244060660336,147
2021-02-08,1.3326944095238098,3.3348680278548257,147
2021-02-09,-0.19868689523809527,3.156363885049717,147
2021-02-10,0.10911937414965987,3.0997685568234408,147
2021-02-11,1.1940835727891155,3.136240484823237,147
2021-02-12,-0.14105671156462588,3.243965077708158,147
2021-02-15,0.15180055510204077,3.1384125362262587,147
2021-02-16,0.47544904421768697,3.3494658446280217,147
2021-02-17,-0.19664512040816326,3.182459555525305,147
2021-02-18,0.7417956598639456,2.794242197988663,147
2021-02-19,-1.0787724863945578,2.910609116184018,147
2021-02-22,-1.3159114503401361,3.099586633073232,147
2021-02-23,0.4093829183673469,3.3690583372988856,147
2021-02-24,1.0620197421768707,3.107097553695535,147
2021-02-25,1.626392930612245,2.8489809999708293,147
2021-02-26,-1.0184538163265306,3.026254590775345,147
2021-03-01,1.256006894557823,2.833834927068933,147
2021-03-02,1.547598212244898,2.877782517377051,147
2021-03-03,0.9391045578231293,2.957801816082481,147
2021-03-04,1.0924089455782315,3.122160452685493,147
2021-03-05,-1.4601676666666665,2.3774756773210437,147
2021-03-08,0.4817192448979592,3.1868245817101446,147
2021-03-09,-0.354109968707483,3.3299994548779863,147
2021-03-10,0.5006831972789115,2.650299843476409,147
2021-03-12,0.008345108843537397,2.7894238669888596,147
2021-03-15,-0.7097558612244897,2.672551912861284,147
2021-03-16,0.2560203789115646,3.079738615436189,147
2021-03-17,-2.2053431224489795,2.5852085608137676,147
2021-03-18,-1.7032163061224492,2.5903807010194004,147
2021-03-19,0.29477894557823126,2.7429470501981186,147
2021-03-22,0.4709700544217687,2.850281279846782,147
2021-03-23,0.9234812040816326,2.711329649656472,147
2021-03-24,-1.5724975918367343,2.677387838876559,147
2021-03-25,-1.8112088768707486,2.436868313919096,147
2021-03-26,1.0866060236486488,2.7189846753025644,148
2021-03-30,1.4068811865771813,2.8726917280736464,149
2021-03-31,0.41281125503355703,2.86562611732897,149
2021-04-01,1.321675056375839,2.8986551193915595,149
2021-04-05,-1.969461657718121,2.6073793252217152,149
2021-04-06,0.6437943496644296,2.8178202033083735,149
2021-04-07,0.9311302932885905,2.636009315955978,149
2021-04-08,0.9592191275167786,2.7266421301310366,149
2021-04-09,0.18588295302013436,2.996766524725363,149
2021-04-12,-4.2682419369127516,2.968128896975281,149
2021-04-13,1.1696308812080536,2.8642962050064544,149
2021-04-15,-0.111259966442953,2.8194463821355944,149
2021-04-16,1.0673576832214764,2.964517637659015,149
2021-04-19,-1.9953130805369128,2.68711723114623,149
2021-04-20,0.5519110778523488,2.91118324366949,149
2021-04-22,0.4982196926174497,3.051081351987196,149
2021-04-23,0.21853379865771816,3.161058006369991,149
2021-04-26,0.7111105167785234,2.93410796653329,149
2021-04-27,1.4779607738255034,3.0639967510683594,149
2021-04-28,0.8781014228187921,2.862843976922073,149
2021-04-29,-0.15660954563758395,2.7154966395615494,149
2021-04-30,-0.12543280536912757,3.054368539804935,149
2021-05-03,0.8374397288590603,3.2416700300690247,149
2021-05-04,-0.4964236261744967,3.1443803356188624,149
2021-05-05,0.6745422805369128,2.8861662930544547,149
2021-05-06,0.11244297114093962,2.972599114694699,149
2021-05-07,0.4253822590604027,3.211214792495256,149
2021-05-10,0.6079630973154362,3.3548962124232635,149
2021-05-11,0.5456910181208053,3.2255450632156606,149
2021-05-12,-0.38244952416107386,3.510397919876175,149
2021-05-14,-0.9932931899328858,2.973586608689078,149
2021-05-17,1.3226588523489933,3.057842774225634,149
2021-05-18,0.9117091812080538,2.7634371437647958,149
2021-05-19,0.6404036644295302,3.1776148350574713,149
2021-05-20,-0.4846262637583892,2.7298657267790283,149
2021-05-21,0.6062568993288591,3.162927053545202,149
2021-05-24,1.318523214765101,3.204608561390635,149
2021-05-25,-0.000478040268456421,3.1784057791438545,149
2021-05-26,0.8699185181208053,2.7222932547458667,149
2021-05-27,0.5533394147651006,2.7554660818959236,149
2021-05-28,-0.1544528724832214,3.0457627148510618,149
2021-05-31,0.24469315570469796,3.161057126829423,149
2021-06-01,-0.6902924657718121,3.084168020871108,149
2021-06-02,1.6715986570469796,2.982805028141893,149
2021-06-03,1.240251766442953,2.8512860594201546,149
2021-06-04,0.400161389261745,3.167644574928568,149
2021-06-07,1.301574641610738,3.283232293183195,149
2021-06-08,0.706802067114094,3.079352285935054,149
2021-06-09,-1.2862466510067114,2.6052128425417926,149
2021-06-10,2.027758,3.1410405026820007,149
2021-06-11,0.008812153020134232,2.9459844322256723,149
2021-06-14,-0.05587784966442955,2.8030480301368117,149
2021-06-15,0.5531715724832215,3.0268304605695824,149
2021-06-16,-1.0959844093959732,2.780004842090689,149
2021-06-17,-1.2229985100671141,2.8051239246525004,149
2021-06-18,-1.0769208791946308,2.663090331965166,149
2021-06-21,0.5992996536912751,2.8639103771798076,149
2021-06-22,0.983688365100671,2.865638072000015,149
2021-06-23,-0.6945652281879194,3.0096458276062132,149
2021-06-24,-0.6745452751677852,2.852238929233827,149
2021-06-25,0.6079100662251655,2.96470580889851,151
2021-06-28,0.6694045099337749,2.902642763460705,151
2021-06-29,-0.46969003947368415,3.1728523107842688,152
2021-06-30,0.05081285921052631,2.866168799190503,152
2021-07-01,-0.29938072368421054,3.0430753046437804,152
2021-07-02,0.8566422375000001,2.8499888450014765,152
2021-07-05,0.5739846598684211,2.8327897954452963,152
2021-07-06,0.09672881052631575,2.7563724728386654,152
2021-07-07,0.5702051118421053,2.850009085630292,152
2021-07-08,-0.4333308355263158,2.682594596765536,152
2021-07-09,0.12198196052631578,2.966246429528735,152
2021-07-12,0.8335097868421052,3.0082593514850093,152
2021-07-13,0.33846798223684216,2.860317901256807,152
2021-07-14,0.16690870197368418,2.639179053428502,152
2021-07-15,0.1690536638157895,3.217519975970783,152
2021-07-16,0.6514585236842104,3.0597630131180984,152
2021-07-19,-0.38603790065789473,2.957147002151235,152
2021-07-20,-1.6817412940789473,2.3473112665293847,152
2021-07-22,1.0384696335526316,3.282709744925509,152
2021-07-23,0.016652328947368403,2.899187712632066,152
2021-07-26,-0.20484459868421057,3.3337132425614144,152
2021-07-27,-0.5702787697368421,2.9626064774646097,152
2021-07-28,-0.7634338671052632,2.8848102469592756,152
2021-07-29,0.751389127631579,3.037958863425975,152
2021-07-30,0.34166911842105263,2.821951499099428,152
2021-08-02,0.8924069848684212,2.9057971060074497,152
2021-08-03,0.3076654934210526,2.7162759619657852,152
2021-08-04,-1.189316815131579,2.6586661485054983,152
2021-08-05,-0.7709971289473686,2.9049047389299747,152
2021-08-06,-0.2720066263157895,2.7386041782413266,152
2021-08-09,-0.8179636934210526,2.8006967045667173,152
2021-08-10,-2.221287532894737,2.804825906273451,152
2021-08-11,-0.8383887710526317,2.7641542281378566,152
2021-08-12,1.8862576552631576,2.769995511078781,152
2021-08-13,-0.09668043421052631,3.144545445225451,152
2021-08-16,-0.9379872631578947,2.939472951889313,152
2021-08-17,-0.09125612418300656,2.9753367451807904,153
2021-08-18,-0.24217188235294118,2.7386747178468336,153
2021-08-20,-2.1010104052287586,2.6506667238900863,153
2021-08-23,-2.1101365202614377,2.8948085783171646,153
2021-08-24,1.2329999150326798,2.9884363981490143,153
2021-08-25,0.5421427986928106,2.991199060129234,153
2021-08-26,-0.06379661437908493,2.4795412681740947,153
2021-08-27,0.7241205666666666,2.7211667816798797,153
2021-08-30,1.6969998529411765,2.8036486872634687,153
2021-08-31,0.6911894379084967,2.849303379855488,153
2021-09-01,-0.017762069934640533,2.967341178168391,153
2021-09-02,1.117744954248366,2.563518878747476,153
2021-09-03,0.7371391045751634,2.74287016038181,153
2021-09-06,0.6034291960784314,3.115442636652603,153
2021-09-07,-0.384060908496732,2.8157815007388955,153
2021-09-08,0.4808069346405229,2.727071524544243,153
2021-09-09,0.534353514379085,2.7994305417098664,153
2021-09-13,0.5577641960784314,2.9071688247174183,153
2021-09-14,0.40532704901960787,2.9513805332073257,153
2021-09-15,0.6427372973856208,2.7684956061931985,153
2021-09-16,0.3314650784313725,2.7948926338953513,153
2021-09-17,-0.8704420588235294,2.9760624055122302,153
2021-09-20,-1.9421287385620913,2.574590319648034,153
2021-09-21,0.11103471241830062,3.0700562492556625,153
2021-09-22,1.051340816993464,2.905438891925784,153
2021-09-23,1.0300162091503269,3.0824384553535924,153
2021-09-24,-0.48837864379084955,3.068988767297912,153
2021-09-27,-0.13508631960784315,2.5488835053221406,153
2021-09-28,-0.7444417908496731,3.2254573432831597,153
2021-09-29,0.38179297647058824,3.1574637961738756,153
2021-09-30,0.6517381895424835,3.0244821916514506,153
2021-10-01,0.40741807189542484,2.8500749039323536,153
2021-10-04,1.0549453555555555,2.811929803457209,153
2021-10-05,0.3815396928104575,2.954176340182044,153
2021-10-06,-0.8075298104575163,2.851463340552378,153
2021-10-07,1.381464056862745,2.7225889489063726,153
2021-10-08,0.3350148575163398,2.7376490969895446,153
2021-10-11,0.35196118888888883,3.1606591165930973,153
2021-10-12,0.6529470071428571,3.0141216576198593,154
2021-10-13,0.6393770902597402,3.1582408657538505,154
2021-10-14,0.07015378376623377,2.8441648676179807,154
2021-10-18,0.5552062337662337,2.993068026074865,154
2021-10-19,-2.366665168831169,2.855855597564405,154
2021-10-20,-1.7700559214285714,3.226710575913104,154
2021-10-21,-0.44795540909090914,3.3047802254263074,154
2021-10-22,-0.4987294233766234,3.1114361097502092,154
2021-10-25,-1.5753415876623376,3.070262970281478,154
2021-10-26,1.6611817662337665,2.6221844419309552,154
2021-10-27,-0.0041511019480519355,3.000810422476096,154
2021-10-28,-1.3514996694805195,3.127435206213916,154
2021-10-29,-0.10211834350649351,2.9741418016830856,154
2021-11-01,1.3999734285714287,2.9618669343959128,154
2021-11-02,0.6467187363636364,3.135572724942773,154
2021-11-03,-0.13781963636363637,2.911959689245719,154
2021-11-04,1.8278524155844154,2.3132849020955737,154
2021-11-08,0.6131620064935065,3.075265729288388,154
2021-11-09,0.7763150389610389,3.040467268132141,154
2021-11-10,-0.4611037727272727,3.291203966791096,154
2021-11-11,-0.19982482142857141,3.1275345802969237,154
2021-11-12,0.06335327987012983,3.161849692564804,154
2021-11-15,-0.656625922077922,3.4914555130894085,154
2021-11-16,-0.6379856194805196,2.528166367665749,154
2021-11-17,-0.4990269974025974,2.7397057774767624,154
2021-11-18,-1.8273645785714285,2.6593955089724717,154
2021-11-22,-2.751569733766234,2.621211990712192,154
2021-11-23,1.434730766233766,2.890401383161702,154
2021-11-24,0.107394037012987,2.8268857173239326,154
2021-11-25,0.4430363006493507,3.063367731171822,154
2021-11-26,-2.5043193597402595,2.779335043705244,154
2021-11-29,-1.7708477467532469,3.248111381056289,154
2021-11-30,0.8374624746753245,3.305971450594829,154
2021-12-01,0.6110623831168832,2.6451228149937327,154
2021-12-02,1.5799571,3.0683595242580903,154
2021-12-03,0.10029640259740262,3.1897211218188763,154
2021-12-06,-1.5538925064935065,2.4350963021769374,154
2021-12-07,1.0575501233766234,2.531971739675603,154
2021-12-08,1.3065508506493506,2.601503059363858,154
2021-12-09,0.6773841688311688,3.226639024223193,154
2021-12-10,0.6284861077922078,2.6591505188181763,154
2021-12-13,-0.39246143677419354,2.933106230699272,155
2021-12-14,-0.06869818064516128,2.811785449822956,155
2021-12-15,-0.9101704243589742,2.8116410522826696,156
2021-12-16,-0.9785789423076924,2.930326890450407,156
2021-12-17,-1.9343169487179483,2.665316163040264,156
2021-12-20,-3.056344006410256,2.2776291712246652,156
2021-12-21,0.9301602846153845,3.1564301881588825,156
2021-12-22,1.6648161923076923,2.309230777519685,156
2021-12-23,0.8453803439490446,3.010575502183536,157
2021-12-24,-1.078590050955414,2.3882378574247274,157
2021-12-27,-0.0576024280254777,2.898024457935276,157
2021-12-28,1.7717305541401274,2.624875546465822,157
2021-12-29,0.3383034649681529,2.9227052831680083,157
2021-12-30,0.16910049044585987,2.571349779661322,157
2021-12-31,1.3530101019108283,2.472947471876192,157
2022-01-03,1.1421456815286624,2.5051794374759226,157
2022-01-04,0.10649677770700633,3.2048006044273905,157
2022-01-05,0.5462880955414012,3.103406742326941,157
2022-01-06,-0.20273616560509547,2.973574845467422,157
2022-01-07,0.5338335898089173,2.507993155673876,157
2022-01-10,1.1063138025477708,2.9880172530856037,157
2022-01-11,-0.18568574522292994,3.123169502816808,157
2022-01-12,0.9819852101910829,2.7468043006362093,157
2022-01-13,0.5104233439490445,2.695438176538499,157
2022-01-14,0.4813055834394904,2.848522139937952,157
2022-01-17,0.7266985866242038,2.918009320382549,157
2022-01-18,-1.7402359617834393,2.618355392398929,157
2022-01-19,-0.3051539426751593,3.2503693634119633,157
2022-01-20,-0.19138310828025482,3.022158363637609,157
2022-01-21,-1.976109624203822,2.630607789681647,157
2022-01-24,-4.127855038216561,2.206529165734863,157
2022-01-25,0.8225059401273885,2.779399796618264,157
2022-01-27,-0.6499160191082801,3.129083915538324,157
2022-01-28,0.7224341738853504,3.182394822509111,157
2022-01-31,1.0161388878980893,2.9172481369008403,157
2022-02-01,0.8186894095541402,2.8640747963182784,157
2022-02-02,1.3196122229299363,3.0730620012613947,157
2022-02-03,-0.6775688815286623,3.0408129556667447,157
2022-02-04,-0.9260480636942675,2.5933097558743388,157
2022-02-07,-0.9247396426751593,2.7448432806389245,157
2022-02-08,-0.9307528598726115,3.04300181196282,157
2022-02-09,0.6720812341772152,2.821222784052659,158
2022-02-10,-0.06587882911392405,2.765223993315277,158
2022-02-11,-2.082148189873418,2.2890100983709765,158
2022-02-14,-3.9672354683544304,2.556111809169954,158
2022-02-15,1.7245939803797465,3.0748188622974624,158
2022-02-16,0.386327474050633,2.8186572262205485,158
2022-02-17,-1.184143259493671,2.744567901635771,158
2022-02-18,-1.0860999746835445,2.270806696693131,158
2022-02-21,-1.8927239316455697,2.0974491835997786,158
2022-02-22,-2.093301937341772,2.3583894566134416,158
2022-02-23,0.8166854873417722,3.540835078219444,158
2022-02-24,-4.670899823417722,2.6659861340465887,158
2022-02-25,3.8511835126582277,2.495097075451851,158
2022-02-28,1.038951917721519,3.15286308430062,158
2022-03-02,-0.40072275126582274,3.1920019501038586,158
2022-03-03,-0.21665837784810127,2.822782457591891,158
2022-03-04,-1.6009754430379748,2.5630169043463735,158
2022-03-07,-1.9066349265822786,2.6593242030322646,158
2022-03-08,1.2843526455696201,2.7199655868246633,158
2022-03-09,2.3407215253164555,2.3760032660675607,158
2022-03-10,1.0812513544303797,2.7320229595662133,158
2022-03-11,0.4359793354430379,2.4679177918986803,158
2022-03-14,0.1194035664556962,3.247031379309278,158
2022-03-15,-0.8774415696202531,3.176873714784921,158
2022-03-16,1.513446082278481,2.5867377428023413,158
2022-03-17,1.4731073278481013,2.9174171657593577,158
2022-03-21,0.06868348797468359,2.769681243209494,158
2022-03-22,-0.3995792588607595,2.563495288806541,158
2022-03-23,0.40496787911392407,2.6740818096513967,158
2022-03-24,0.18387671518987342,2.6437892050168004,158
2022-03-25,-0.8404729107594938,2.848321633675787,158
2022-03-28,-0.4277505632911392,3.0066545969819822,158
2022-03-29,0.766521941509434,3.005570295955507,159
2022-03-30,0.7055526666666666,2.9232180194932162,159
2022-03-31,-0.11047161006289306,2.8428416342582894,159
2022-04-01,1.6651437289308175,2.8226260518423114,159
2022-04-04,1.6024111949685533,2.5440440977923777,159
2022-04-05,1.2944616528301889,2.458497583205985,159
2022-04-06,0.3429880691823899,2.5453371527375137,159
2022-04-07,-0.26056246540880507,2.942847235337147,159
2022-04-08,0.86624893081761,2.3696829138779227,159
2022-04-11,0.84900378625,2.8377231351408714,160
2022-04-12,-1.419764449375,2.4082624452215504,160
2022-04-13,0.543740035,3.1360109213485177,160
2022-04-18,-0.7783732293749999,3.203982623010557,160
2022-04-19,-0.9426248125000001,3.1273556238999114,160
2022-04-20,0.301109678125,2.980747774231923,160
2022-04-21,1.528154515625,2.442006816879446,160
2022-04-22,-0.37311160625000006,2.7537240001036563,160
2022-04-25,-2.12605955625,2.669673718266483,160
2022-04-26,0.72591338125,2.803227907582313,160
2022-04-27,-0.5589380281249999,2.773212263276075,160
2022-04-28,0.38964111249999994,2.6425229668364687,160
2022-04-29,-0.7581187375,2.9536591567685497,160
2022-05-02,-0.6207657937500001,3.3022181846105454,160
2022-05-04,-2.1529529875,2.5585844636640185,160
2022-05-05,-0.5099746875,3.1808849297207717,160
2022-05-06,-2.1805461512499997,2.4553297250072714,160
2022-05-09,-1.81515054375,2.542606806594952,160
2022-05-10,-1.8298874,2.697506960965038,160
2022-05-11,-1.7191812787499998,3.1836174163719564,160
2022-05-12,-1.8477373375,2.8049925623333336,160
2022-05-13,1.27282193875,3.3384485159147737,160
2022-05-16,1.345659784375,3.501992214364095,160
2022-05-17,2.5586270737500003,2.805501066988528,160
2022-05-18,0.06826874687500001,2.671690287407513,160
2022-05-19,-2.084890753125,2.4110509843196586,160
2022-05-20,1.9576161662499998,2.3651862391393146,160
2022-05-23,-0.392025873125,3.5624307447040535,160
2022-05-24,-1.3174836875,2.656750829570838,160
2022-05-25,-2.42090279689441,2.977634597004101,161
2022-05-26,1.1493288875776397,3.201854746326332,161
2022-05-27,1.4629553074534163,2.939494062116236,161
2022-05-30,2.0669079708074536,3.1843696740533964,161
2022-05-31,0.733162352795031,3.1179409639531976,161
2022-06-01,0.1289899037267081,3.0355030531401854,161
2022-06-02,0.6959146708074535,2.3891343222837294,161
2022-06-03,-1.1972472360248447,2.6412285423371933,161
2022-06-06,-0.46537061490683224,3.0747463326173103,161
2022-06-07,-0.5982134645962733,2.4042070945092453,161
2022-06-08,-0.2804223229813665,2.6212964694371506,161
2022-06-09,0.2971156465838509,2.598854720526639,161
2022-06-10,-1.5184127950310562,2.8057532874515094,161
2022-06-13,-2.940188965217392,2.208979626515103,161
2022-06-14,-0.3099281229813665,2.84042175325375,161
2022-06-15,0.8547655590062112,2.508652914963048,161
2022-06-16,-2.8418085776397515,1.9824705260267448,161
2022-06-17,-1.306890848447205,2.834466048479938,161
2022-06-20,-2.237773327329192,3.166033135792443,161
2022-06-21,2.307257969565217,2.9242717537638203,161
2022-06-22,-1.0733224602484472,2.7764354515670564,161
2022-06-23,1.022838355900621,2.5180095537304563,161
2022-06-24,1.4005466745341615,2.8890727210156646,161
2022-06-27,1.4220060496894409,2.4228324688498244,161
2022-06-28,0.22836537826086956,3.239404420431117,161
2022-06-29,-0.4225744844720497,2.437326284972993,161
2022-06-30,-0.42246691925465846,2.657668175437786,161
2022-07-01,0.5123640807453416,2.8719084618550714,161
2022-07-04,0.9182263167701862,3.077144594657313,161
2022-07-05,0.15837509937888203,3.0436485200789427,161
2022-07-06,0.8340420540372672,2.612433331527313,161
2022-07-07,1.4925024732919252,2.685415910751647,161
2022-07-08,-0.014902801242236065,2.8037110209984237,161
2022-07-11,0.8348845639751553,2.8141599660411405,161
2022-07-12,-0.610447594409938,2.650822629838453,161
2022-07-13,0.061634571428571386,2.5308285058305158,161
2022-07-14,-0.37382994409937886,2.632049061130273,161
2022-07-15,0.7190020080745342,2.6877033738249425,161
2022-07-18,1.3221994409937887,2.542440638339084,161
2022-07-19,0.7661630590062112,2.956589814620433,161
2022-07-20,0.3241926099378881,2.88237959051371,161
2022-07-21,0.8294897254658385,2.9067670096579583,161
2022-07-22,0.1712439813664596,3.0028810994761956,161
2022-07-25,-0.5215483869565218,2.7330963920722606,161
2022-07-26,-0.6095313664596274,2.77318766370777,161
2022-07-27,0.536539745341615,2.6315591764640294,161
2022-07-28,0.5819145652173913,2.7965103256812247,161
2022-07-29,1.0994857826086954,2.799307874092056,161
2022-08-01,1.5584215298136648,2.9684555599534748,161
2022-08-02,0.4301215037267081,2.937460836974798,161
2022-08-03,-0.538344051552795,2.623427848645535,161
2022-08-04,0.14246793788819873,3.2347578687123777,161
2022-08-05,0.24623390062111802,2.676168208290494,161
2022-08-08,0.40617557142857136,2.785479611648838,161
2022-08-10,-0.21790119689440993,3.1189671273500825,161
2022-08-11,0.720488900621118,3.148509256056422,161
2022-08-12,0.5700976459627329,2.6311082340511844,161
2022-08-16,1.1722322670807455,2.872936296775034,161
2022-08-17,0.40820708571428577,3.2542058012377724,161
2022-08-18,0.13558121739130424,2.902412772180793,161
2022-08-19,-1.100383647826087,2.3518698383490877,161
2022-08-22,-1.4329161180124224,2.1244195276016646,161
2022-08-23,0.8675540714285714,2.3616162910060954,161
2022-08-24,0.7858280254658385,2.571743701108036,161
2022-08-25,-0.05223931118012428,3.0479878158970517,161
2022-08-26,0.5063476645962733,2.5171069886815896,161
2022-08-29,-0.9446744913043478,2.934796984464555,161
2022-08-30,1.4536786850931678,2.539192680729743,161
2022-09-01,-0.3958515714285714,3.1538759123101188,161
2022-09-02,0.03726466335403724,3.16548071800218,161
2022-09-05,0.5502976770186334,3.0694632496628005,161
2022-09-06,0.27586784472049686,2.8263367684768865,161
2022-09-07,0.534147402484472,2.784846614802015,161
2022-09-08,0.8194927391304349,2.8338615642009435,161
2022-09-09,-0.12074805590062118,3.011632627558797,161
2022-09-12,0.8545808757763974,3.209854518442578,161
2022-09-13,0.00013074658385092835,2.917508772325672,161
2022-09-14,-0.05735564409937887,2.9490794661800206,161
2022-09-15,0.30207228571428574,3.128273875060393,161
2022-09-16,-2.1982727018633543,2.8320166577847288,161
2022-09-19,-0.12762475155279498,2.889494677275172,161
2022-09-20,1.4343732583850932,2.4911850740365025,161
2022-09-21,-1.2454858447204968,2.848273509550535,161
2022-09-22,0.5525251204968945,2.92592567450536,161
2022-09-23,-2.01770239068323,2.214685854140936,161
2022-09-26,-2.9605584745341615,2.6335864539198575,161
2022-09-27,0.37923703726708075,2.9041623611513243,161
2022-09-28,-0.22943713043478264,3.04348105490775,161
2022-09-29,0.6846728944099378,2.9147632489321786,161
2022-09-30,1.3514296366459628,2.634724349955967,161
2022-10-03,-0.8446043931677019,2.8776327009886034,161
2022-10-04,1.4841347316770188,2.7211279777700272,161
2022-10-06,1.0281669316770186,2.8387239782316307,161
2022-10-07,-0.06184730434782612,2.882669275572566,161
2022-10-10,-0.8328370900621118,2.6363497320756246,161
2022-10-11,-1.3952764037267078,2.667661593190667,161
2022-10-12,0.32465577018633546,2.77323849927342,161
2022-10-13,-0.9018991987577638,2.6775355749800034,161
2022-10-14,-0.0866712298136646,2.2566761539060254,161
2022-10-17,0.10269060062111803,2.6823135936370948,161
2022-10-18,1.0377275217391304,2.779551247201367,161
2022-10-19,0.02398613043478259,3.18585802401492,161
2022-10-20,0.11081085740740747,2.9543997015571555,162
2022-10-21,-0.8873529209876544,2.945699931365094,162
2022-10-24,0.9141960185185186,2.744344920993001,162
2022-10-25,0.12531038271604936,2.7317634034436526,162
2022-10-27,0.8624342981481481,3.0921717407375477,162
2022-10-28,-0.8386894938271604,2.4974515585708446,162
2022-10-31,1.3311094827160495,2.7096692060751324,162
2022-11-01,0.22771067901234565,3.0022990335772173,162
2022-11-02,-0.2597700679012346,2.9163957693401596,162
2022-11-03,-0.18510654876543203,2.7602921191904115,162
2022-11-04,0.6390068827160493,2.9495460070828683,162
2022-11-07,0.5740905679012345,3.3240521458362355,162
2022-11-09,-0.38016396296296295,2.8488288062990685,162
2022-11-10,-1.205012052469136,3.047198762007422,162
2022-11-11,0.247817913580247,3.0001802800205506,162
2022-11-14,0.25051623456790123,3.4766199765784305,162
2022-11-15,0.16379048148148145,3.092351091560609,162
2022-11-16,-0.5685413697530864,2.8120020595317623,162
2022-11-17,-0.7073516190184049,3.078516820132118,163
2022-11-18,-0.42379986073619635,2.9081791540678825,163
2022-11-21,-0.3646081634146341,2.8090615370875653,164
2022-11-22,0.26957415853658534,3.003592269450568,164
2022-11-23,0.16489052909090904,3.0776036555164,165
2022-11-24,0.4961129696969698,3.073101833716565,165
2022-11-25,0.6155218121212122,2.5408051572920463,165
2022-11-28,1.0289903666666667,2.851881400931831,165
2022-11-29,-0.42539351454545454,2.776311774537796,165
2022-11-30,0.8385991393939394,2.5514837814230567,165
2022-12-01,0.44678667272727274,3.028492043000323,165
2022-12-02,0.5285098424242425,2.800555393309671,165
2022-12-05,0.32460961818181816,2.946286687198387,165
2022-12-06,-0.6805673272727273,2.5909015944367453,165
2022-12-07,-0.38091521818181817,2.929188171575614,165
2022-12-08,0.31865198181818183,2.870470826579438,165
2022-12-09,-0.8250176606060606,2.806311864528169,165
2022-12-12,0.6955817878787879,3.2261705896131128,165
2022-12-13,0.5761736321212122,2.8973923389495555,165
2022-12-14,0.6108396418181817,2.90668449868597,165
2022-12-15,-1.0734360727272727,2.559623653852489,165
2022-12-16,-1.1731965212121211,3.0631687831234973,165
2022-12-19,0.22174176363636358,3.180529346221616,165
2022-12-20,-0.49618419999999996,2.650961905635249,165
2022-12-21,-1.7805289545454543,2.9710423105060726,165
2022-12-22,-1.2494001818181817,2.7032405313429284,165
2022-12-23,-4.061576637575757,2.8434044262693132,165
2022-12-26,2.739262139393939,2.8713070767848032,165
2022-12-27,1.3685218593939394,2.830821125822872,165
2022-12-28,0.28651931515151513,2.9007913810524983,165
2022-12-29,0.12526268484848485,2.9216702172199502,165
2022-12-30,0.8544617590361446,2.8426146297010093,166
2023-01-02,0.46839870481927715,3.091671166911175,166
2023-01-03,0.3094591626506024,2.4549108827700135,166
2023-01-04,-1.1100288975903614,2.734723901639181,166
2023-01-05,0.406601156626506,2.3964659787730587,166
2023-01-06,-0.8238705240963854,2.466244066874111,166
2023-01-09,0.8017697831325301,2.7449749201118343,166
2023-01-10,-0.9346070000000001,2.7528052782087347,166
2023-01-11,-0.3780858915662651,2.650324005664062,166
2023-01-12,-0.21876618072289156,2.916041894183603,166
2023-01-13,0.33833709638554216,3.076576438563296,166
2023-01-16,-0.4317566807228916,2.6014950818992273,166
2023-01-17,0.31446589156626503,2.906318240496105,166
2023-01-18,0.2732121927710844,2.7826380415167056,166
2023-01-19,-0.0022044819277107944,2.7095856562046814,166
2023-01-20,-0.7972745421686748,2.1888541940431994,166
2023-01-23,-0.2843431927710844,2.8710767233356687,166
2023-01-24,-0.6933054578313254,2.7903525375812688,166
2023-01-25,-1.183558981927711,2.4291001522988678,166
2023-01-27,-1.571150953614458,3.047018805528687,166
2023-01-30,-0.27328698192771084,2.855200635702576,166
2023-01-31,1.8626667602409641,3.167747167365039,166
2023-02-01,-0.9116008090361445,3.0657117352995558,166
2023-02-02,0.22779005421686743,3.0717627299406702,166
2023-02-03,-0.31228851807228925,3.2308644915530067,166
2023-02-06,0.32907956024096385,3.055696649123643,166
2023-02-07,0.1528172801204819,2.6558313101824917,166
2023-02-08,1.3556193975903614,2.585354722310832,166
2023-02-09,-0.47403604819277106,2.798328632359682,166
2023-02-10,0.34055684939759034,2.7231198404755275,166
2023-02-13,-1.1478099168674698,2.809243325072694,166
2023-02-14,-0.5557731656626506,2.813326443575779,166
2023-02-15,0.9541475602409637,2.960735307953966,166
2023-02-16,1.0538971084337347,3.2919113160504865,166
2023-02-17,-0.19054693975903614,2.860243549943925,166
2023-02-20,-0.40729556506024095,2.7878871780640746,166
2023-02-21,-0.2021120301204819,2.645583685911517,166
2023-02-22,-0.9430344391566264,2.892884739969762,166
2023-02-23,0.2581821807228916,2.654576540754255,166
2023-02-24,-0.48515748795180713,2.665686302019225,166
2023-02-27,-1.260728421686747,2.929514688823611,166
2023-02-28,0.6150429638554217,2.7300035256705413,166
2023-03-01,1.1903688734939757,2.457491022063465,166
2023-03-02,-0.325185656626506,2.844862933487318,166
2023-03-03,0.6886239638554217,2.8959298002787124,166
2023-03-06,0.9908461626506023,2.781284591659953,166
2023-03-08,0.06610130963855419,2.9603648295602167,166
2023-03-09,-0.6456307409638554,2.7201400475826394,166
2023-03-10,-0.9108348072289156,2.8693498368880603,166
2023-03-13,-2.3264779939759035,1.7504572536254688,166
2023-03-14,-0.8063313114457831,2.526681362074103,166
2023-03-15,0.33793950000000006,2.691809064553585,166
2023-03-16,-0.45480899397590363,2.5881282378225143,166
2023-03-17,0.40337492349397586,2.7728974085986753,166
2023-03-20,-1.4458588674698793,2.776090531419002,166
2023-03-21,0.749208578313253,2.8865288288160795,166
2023-03-22,0.7436095,2.8770036524400866,166
2023-03-23,-0.38057994578313253,2.41379061393432,166
2023-03-24,-1.3262491524096387,2.9069061534373413,166
2023-03-27,-1.4910333072289157,2.5790265462128845,166
2023-03-28,-0.7261145542168675,2.9230217343447786,166
2023-03-29,2.0242016349397587,3.05944406924971,166
2023-03-31,1.1397870361445783,2.9999566323717715,166
2023-04-03,0.835395191566265,2.896798463197377,166
2023-04-05,0.7906862228915663,3.085911566919383,166
2023-04-06,0.9323521506024097,2.6208568301090405,166
2023-04-10,0.21551635783132536,2.5526822152060777,166
2023-04-11,0.6586666204819277,2.5350698936515017,166
2023-04-12,0.4371223192771083,2.497635575048717,166
2023-04-13,0.12839476506024097,2.795812719031882,166
2023-04-17,0.4350181692771083,3.050207470767763,166
2023-04-18,-0.017813686746987942,2.7323604476871615,166
2023-04-19,-0.12889683132530125,2.6796403666860056,166
2023-04-20,-0.37642948795180725,2.8599573469475588,166
2023-04-21,-0.02223765662650605,2.677177913360348,166
2023-04-24,0.4096297650602409,2.905884041910707,166
2023-04-25,0.029436928313253022,2.595591231224065,166
2023-04-26,0.815280165060241,2.9081844423960437,166
2023-04-27,0.35327151807228924,2.843826781634271,166
2023-04-28,1.4230098307228918,2.6218664617616634,166
2023-05-02,0.662265313253012,2.7724453441596255,166
2023-05-03,0.2377396096385542,3.0594573940228753,166
2023-05-04,1.1398618686746989,2.6553391791941157,166
2023-05-05,-0.6210670060240963,3.060578987571526,166
2023-05-08,0.6251644638554217,2.891978296902706,166
2023-05-09,-0.24085757228915664,2.902914586081451,166
2023-05-10,0.612766174698795,2.9534555366154813,166
2023-05-11,1.110517156626506,2.7388258033956303,166
2023-05-12,-0.32282081325301204,2.760539127432035,166
2023-05-15,0.35756114578313253,2.80952512350812,166
2023-05-16,-0.30099874096385537,3.1854403398746864,166
2023-05-17,-0.028458832530120434,2.9012041031398166,166
2023-05-18,-0.5378470240963855,2.6002903492362144,166
2023-05-19,-0.30819564879518074,2.5432667304109673,166
2023-05-22,0.3707650746987952,2.7684412596679553,166
2023-05-23,0.2754823554216867,2.7955060465918167,166
2023-05-24,0.25980300843373494,2.7742076212480455,166
2023-05-25,0.012767518072289166,2.791279883261294,166
2023-05-26,0.7760985421686747,2.717392401553585,166
2023-05-29,0.38227572590361447,2.581517665536618,166
2023-05-30,0.030777246987951812,2.6675057570476612,166
2023-05-31,0.6063033892215569,2.8067689481182287,167
2023-06-01,1.065604508982036,2.6831817516659475,167
2023-06-02,0.6184501377245509,2.896002324456197,167
2023-06-05,0.673468051497006,2.703756806343885,167
2023-06-06,0.22572876407185632,2.829966302748184,167
2023-06-07,1.0135731916167665,2.6266067969021396,167
2023-06-08,-0.9278879580838324,2.2311262461120482,167
2023-06-09,-0.14066892814371257,2.4903654959751007,167
2023-06-12,0.988104663095238,2.8215741587044016,168
2023-06-13,1.034349880952381,2.9793300988883105,168
2023-06-14,0.3323059946428571,2.693521866175076,168
2023-06-15,0.07769241190476188,2.642813823281716,168
2023-06-16,0.9555021071428571,2.678844219113413,168
2023-06-19,0.12705786309523812,3.2094695809924336,168
2023-06-20,0.36000275,3.1602653891032437,168
2023-06-21,0.5642912797619046,2.7704635271145706,168
2023-06-22,-0.9812694821428571,2.5683076242631295,168
2023-06-23,-1.2489374107142857,2.4461584273811017,168
2023-06-26,1.1171270416666668,2.4968477796405235,168
2023-06-27,0.6636507833333334,2.718269552663618,168
2023-06-28,0.32107856547619046,2.6186572867062874,168
2023-06-30,0.5798571964285715,3.2193144609554234,168
2023-07-03,0.5420107964071856,2.6413152076800372,167
2023-07-04,-0.13853976946107782,2.485648398065661,167
2023-07-05,0.6920229479041916,2.4823080752903497,167
2023-07-06,0.49856488622754497,2.484085703971219,167
2023-07-07,-0.3828438809523809,2.5046969411519027,168
2023-07-10,-0.6940661785714286,2.5285439029197136,168
2023-07-11,0.819579754491018,2.767674437286216,167
2023-07-12,0.7315793532934132,2.9550036973021925,167
2023-07-13,-0.5354031017964072,2.7417624045063698,167
2023-07-14,1.2770628511904762,3.101818049410468,168
2023-07-17,0.6823239880952381,2.453453487995636,168
2023-07-18,-0.6177192455089822,2.997318897609635,167
2023-07-19,0.6062947738095238,2.6774782866871885,168
2023-07-20,-0.03678771428571426,2.9955614393746517,168
2023-07-21,0.01744529166666669,2.4233675179408496,168
2023-07-24,-0.07359564107142857,2.8135489375090468,168
2023-07-25,0.7152723712574851,2.941808883854604,167
2023-07-26,0.11570825000000007,2.865108206881393,168
2023-07-27,0.1733363628742515,3.151390008294336,167
2023-07-28,0.575240124260355,2.646013376805734,169
2023-07-31,1.3032244226190477,2.628702324609852,168
2023-08-01,0.48665032678571435,2.8954026959234365,168
2023-08-02,-1.3080267077380952,2.3602975699878663,168
2023-08-03,0.13864814792899408,2.5042996219724447,169
2023-08-04,0.8084608934911242,2.8732015587666893,169
2023-08-07,0.3675161142011834,2.8667830661791878,169
2023-08-08,0.1802068775147929,2.6710634250252183,169
2023-08-09,0.3352668224852071,2.928553701080129,169
2023-08-10,-0.1526041656804734,2.7851258077553966,169
2023-08-11,-0.056834951479289894,3.3322970591668226,169
2023-08-14,-0.5682571727810651,3.1079923561337353,169
2023-08-16,0.6894157088757396,3.176272865963855,169
2023-08-17,0.1525990650887574,3.0743314424177446,169
2023-08-18,-0.3422557337278106,2.5903619312224024,169
2023-08-21,0.7712251124260354,3.0339211736897465,169
2023-08-22,0.6580753609467456,2.528953133690172,169
2023-08-23,0.4241178414201184,3.0193799301370894,169
2023-08-24,0.22227547928994085,2.6869345531407385,169
2023-08-25,-0.45613635857988166,2.6891662402693064,169
2023-08-28,0.6026109201183433,2.8891236773052706,169
2023-08-29,0.46594902071005917,2.8523919223536494,169
2023-08-30,0.8683130710059171,2.5523860825318776,169
2023-08-31,0.5349969881656805,2.7754256830312234,169
2023-09-01,0.57030045147929,2.917722839479986,169
2023-09-04,0.6743458579881657,3.166983631914078,169
2023-09-05,0.6923662360946745,3.041465314307071,169
2023-09-06,0.11252521893491116,2.978162795091015,169
2023-09-07,0.8357978556213016,2.7465029745146348,169
2023-09-08,0.8194575869822486,2.7138192083687107,169
2023-09-11,0.6579606934911242,3.008989137812017,169
2023-09-12,-3.4868545461538454,2.666674369754741,169
2023-09-13,0.8880090106508878,2.947951226987139,169
2023-09-14,0.9050769106508876,2.615188170233592,169
2023-09-15,0.2362975917159763,3.0799204549622887,169
2023-09-18,-0.40016887988165684,2.9162847981698,169
2023-09-20,-0.5665543505882352,2.498897669937228,170
2023-09-21,-1.3165165123529412,2.700550053288865,170
2023-09-22,-0.2214109205882353,3.0113359165121136,170
2023-09-25,0.2872802588235294,2.861368229843784,170
2023-09-26,0.19141652882352936,3.025110422682316,170
2023-09-27,0.6696201461988304,2.6972664187200643,171
2023-09-28,-0.5321653684210526,2.3712490414093605,171
2023-09-29,1.29520182748538,2.5071659068594907,171
2023-10-03,0.3351257023391813,2.648514200580209,171
2023-10-04,-1.2075464327485381,2.7934022204757283,171
2023-10-05,0.3979707485380118,2.494872595075626,171
2023-10-06,0.7754866795321638,3.0660921119052578,171
2023-10-09,-1.7293794578947368,2.2419597913134033,171
2023-10-10,1.6176306473684208,2.73063287928064,171
2023-10-11,0.4984227426900585,2.8483685676955988,171
2023-10-12,0.5437464853801169,2.8107076607152415,171
2023-10-13,-0.3785895807017544,2.5677634101046176,171
2023-10-16,0.06445053508771922,2.881162438161832,171
2023-10-17,0.734920081871345,3.0525832356877722,171
2023-10-18,-0.9591180052631578,3.000951449783613,171
2023-10-19,-0.005434273255813962,2.9668411058311763,172
2023-10-20,-1.115379591860465,2.4509061110098664,172
2023-10-23,-3.4176549936046516,2.6499798185708223,172
2023-10-25,-0.8918035988372093,3.0948684775414472,172
2023-10-26,-0.7366174767441861,2.789404064172656,172
2023-10-27,1.9853297668604653,2.517269182366358,172
2023-10-30,0.30888429999999995,2.654587499135028,172
2023-10-31,0.4110431918604652,2.6419210030351783,172
2023-11-01,-0.3057963895348837,2.6960797687067806,172
2023-11-02,0.954514976744186,2.6298636537173583,172
2023-11-03,0.8501470465116281,2.9756400822734625,172
2023-11-06,1.1777645122093023,2.811186044220821,172
2023-11-07,0.3238048494186046,2.8905795814369775,172
2023-11-08,1.1328766831395352,2.7616642112161167,172
2023-11-09,-0.21014227906976748,3.2245386948958017,172
2023-11-10,0.1553770174418605,2.5243500360299396,172
2023-11-13,0.8835376261627907,3.042157876988909,172
2023-11-15,1.0326096279069767,2.695724630325817,172
2023-11-16,0.3242987645348838,3.0164514380990997,172
2023-11-17,0.4403731988372093,2.690249493560275,172
2023-11-20,0.2627498552325581,2.853559682572086,172
2023-11-21,0.4214230406976745,2.747720086783264,172
2023-11-22,-0.5089505755813953,2.978442842001368,172
2023-11-23,0.15973754651162794,2.5753929912717703,172
2023-11-24,-0.018530710465116302,2.333427680863066,172
2023-11-28,0.4464856627906977,2.8215570990978067,172
2023-11-29,0.290453448255814,2.7386716470210377,172
2023-11-30,1.2662765202312138,2.891734679842239,173
2023-12-01,0.33362064942528735,3.0126651537579723,174
2023-12-04,1.509264406321839,2.7225701180768094,174
2023-12-05,0.17684755172413794,2.93024848731872,174
2023-12-06,0.22975790229885057,2.981855866742494,174
2023-12-07,0.9914277341040463,2.934442798216544,173
2023-12-08,-0.7031631647398845,2.7346569303064734,173
2023-12-11,0.7761136572254336,3.012396976093844,173
2023-12-12,-0.4201301739884393,2.81150484028582,173
2023-12-13,0.9082347560693643,3.0698420549693246,173
2023-12-14,0.7599837595375721,2.8435677449443357,173
2023-12-15,0.5159413664739884,3.3233897948523223,173
2023-12-18,0.48539656936416187,2.9604193513929,173
2023-12-19,-0.0017013063583814507,2.7970520849449305,173
2023-12-20,-2.997713641618497,2.8277777518453466,173
2023-12-21,1.4607023988439307,3.2593623406409016,173
2023-12-22,0.9548908294797689,3.0570173515358463,173
2023-12-26,0.7877584919075145,2.9235997637005413,173
2023-12-27,0.42466699595375723,2.717214431980361,173
2023-12-28,0.39851780462427744,2.5946452559490654,173
2023-12-29,0.830202549132948,2.7003213034955444,173
2024-01-01,0.6766144572254336,2.739023213189864,173
2024-01-02,-0.03788569364161845,2.4793711595768975,173
2024-01-03,-0.00843535953757223,2.824064945728451,173
2024-01-04,0.759177919653179,2.8060836365254294,173
2024-01-05,0.6264892138728323,2.917407233109029,173
2024-01-08,-0.9899189919075144,2.6255250353122053,173
2024-01-09,0.2978936069364162,2.393736212154828,173
2024-01-10,-0.07942086242774567,2.361056946374955,173
2024-01-11,0.9079548445086707,2.938348271132035,173
2024-01-12,0.23619295433526005,2.585862283906912,173
2024-01-15,0.5640748150289018,2.6466270114229773,173
2024-01-16,-0.19666753352601157,2.757663332235552,173
2024-01-17,-1.0129115,2.75979398166407,174
2024-01-18,0.03332833764705888,3.1791593996857967,170
2024-01-19,1.0929509977011496,2.8392833733544314,174
2024-01-23,-1.9718845431034482,3.3248143927112657,174
2024-01-24,1.7447249747126437,2.5780804750281714,174
2024-01-25,-0.017482739080459764,2.9527244281517446,174
2024-01-29,0.964940409770115,2.9535409822407073,174
2024-01-30,-0.11059433563218388,2.7419736386889255,174
2024-01-31,1.987960655172414,2.878034492104976,174
2024-02-01,-0.20316445862068966,3.28615417520839,174
2024-02-02,0.11077928448275864,3.0476417672468594,174
2024-02-05,-0.3972112683908046,3.273510951552039,174
2024-02-06,1.1648239597701149,2.8702589694234915,174
2024-02-07,-0.41627852571428564,3.0520408119296034,175
2024-02-08,-0.9641488228571429,3.0637884832524267,175
2024-02-09,-1.068375892,2.836989874945467,175
2024-02-12,-2.2248383971428574,2.999467241160707,175
2024-02-13,0.25388020742857137,3.3504203713916656,175
2024-02-14,0.8504889365714287,3.044877736665542,175
2024-02-15,1.5099029765714285,3.076336293254318,175
2024-02-16,0.782507490857143,2.8613591037177977,175
2024-02-19,0.6789610068571429,2.9704376703482023,175
2024-02-20,-0.05533056,2.6513893934650232,175
2024-02-21,-1.0969246417142857,2.529491071187315,175
2024-02-22,0.6178940971428573,2.929149657280717,175
2024-02-23,0.25566398285714287,2.694635055409644,175
2024-02-26,-0.1995617085714286,2.926760002719849,175
2024-02-27,-0.5231895611428571,2.5326397913775778,175
2024-02-28,-1.7935588857142855,2.265686054982215,175
2024-02-29,0.6127383257142858,2.959535504797921,175
2024-03-01,0.6466590628571428,2.69333746558644,175
2024-03-04,0.161135448,3.0296598811775177,175
2024-03-05,-0.6246632182857143,3.1359570890901423,175
2024-03-06,-1.8109419611428568,2.9867226091745214,175
2024-03-07,0.5490155537142857,2.9590812436768243,175
2024-03-11,-1.8107199394285713,2.910694357313738,175
2024-03-12,-1.8435910857142854,2.267012136494406,175
2024-03-13,-4.060512912,2.622271013094746,175
2024-03-14,2.3149160885714286,3.29872113415316,175
2024-03-15,0.08599392228571427,3.213895906347801,175
2024-03-18,0.12573534857142854,2.9739193287411414,175
2024-03-19,-1.2417523371428572,2.610453227344795,175
2024-03-20,-0.48325086514285714,2.5835504352097156,175
2024-03-21,1.9821082765714286,2.75720974348122,175
2024-03-22,0.9226044965714285,2.525103344933967,175
2024-03-26,-0.019742707428571416,3.146156080465843,175
2024-03-27,0.5931372348571429,3.2402355088978343,175
2024-03-28,0.43600474285714286,2.9914836009184045,175
2024-04-01,2.4658267405714285,2.952558253131321,175
2024-04-02,0.7425092914285714,3.025140254242113,175
2024-04-03,0.5720203708571429,2.7910144349896373,175
2024-04-04,0.22931963428571428,2.988713919750659,175
2024-04-05,0.8011994085714287,2.4342429176785094,175
2024-04-08,-0.05642530457142856,2.8224897022016138,175
2024-04-09,-0.21738917714285708,2.557653467390811,175
2024-04-10,0.6569788342857142,2.9074970105371416,175
2024-04-12,-0.3631878628571429,2.9782814495206975,175
2024-04-15,-1.5150791634285714,2.4273337816097715,175
2024-04-16,0.3878568085714285,2.350148476769647,175
2024-04-18,-0.19878046857142856,2.780723902825119,175
2024-04-19,-0.17111366571428574,3.1081989108928787,175
2024-04-22,1.1343964451428572,2.75602584733929,175
2024-04-23,0.5862331571428571,2.9086011551369437,175
2024-04-24,0.4364247331428572,2.8314219052501746,175
2024-04-25,0.6719612874285714,2.8935948116636503,175
2024-04-26,0.5797566131428571,3.1888947339824982,175
2024-04-29,0.10979939257142862,2.839629618571526,175
2024-04-30,0.1932744685714286,2.6112340385570283,175
2024-05-02,0.32510901142857146,2.994280760403994,175
2024-05-03,-0.36431324000000004,2.683678414022866,175
2024-05-06,-0.9871941771428572,3.04870708269066,175
2024-05-07,-1.889878577142857,2.294733001436494,175
2024-05-08,0.8935209942857143,2.5732989575967995,175
2024-05-09,-2.3316363942857143,2.3761113132265175,175
2024-05-10,0.7426727828571429,3.18438781326497,175
2024-05-13,-0.19423620742857142,2.9184474539594825,175
2024-05-14,1.4508694234285713,2.884657160669545,175
2024-05-15,0.44739666857142857,3.065126304627278,175
2024-05-16,0.8851420158192088,2.652048951675165,177
2024-05-17,1.0606209118644068,2.9095984028191637,177
2024-05-21,0.18470154858757062,3.3719188947805456,177
2024-05-22,0.3381046045197741,2.718459567707046,177
2024-05-23,0.028369253107344637,2.457424184314434,177
2024-05-24,-0.36219385955056177,2.7416611022045165,178
2024-05-27,-0.13586460674157308,3.008306303837917,178
2024-05-28,-0.826328261235955,2.8412467446593594,178
2024-05-29,0.19735221910112363,2.7638793382893083,178
2024-05-30,-1.2097537848314606,2.5100425909583235,178
2024-05-31,0.31301031284916203,3.0467175422708106,179
2024-06-03,2.0264550932960894,2.7616003553302044,179
2024-06-04,-3.9688068374301677,3.0070660392992785,179
2024-06-05,2.9814039636871508,3.2784539850952736,179
2024-06-06,2.6566253949720666,3.0740590295765298,179
2024-06-07,2.209412330726257,2.557966579214447,179
2024-06-10,1.256506960893855,3.0341397611118914,179
2024-06-11,0.7453192011173186,3.0395038178630487,179
2024-06-12,0.7627508547486033,2.634613001393167,179
2024-06-13,0.9638372938547487,2.9680516911418455,179
2024-06-14,0.7355679463687151,2.9348235647178464,179
2024-06-18,0.5523118972067039,3.0861663828570456,179
2024-06-19,-0.9147721307262571,2.763755981663883,179
2024-06-20,0.7022103234636871,2.8512681394921993,179
2024-06-21,-0.3721815698324022,2.7069244455750905,179
2024-06-24,0.45945177206703913,3.0533528639024436,179
2024-06-25,-0.4280487223463687,2.9291245469807308,179
2024-06-26,0.2005477022346369,2.9259314051616743,179
2024-06-27,-0.2932393832402235,2.6780974110200493,179
2024-06-28,0.34901594134078207,2.88350608639884,179
2024-07-01,1.478053082122905,2.7875571030683846,179
2024-07-02,-0.13313240223463685,3.014105047015524,179
2024-07-03,0.4985170301675979,2.823204559045924,179
2024-07-04,0.1528714541899441,2.823098748996155,179
2024-07-05,0.3187604860335195,2.5771092482237443,179
2024-07-08,-0.39945396648044695,2.9268413312568673,179
2024-07-09,0.505747277094972,2.830963368926227,179
2024-07-10,-0.4708432960893855,2.7231134044142298,179
2024-07-11,0.28225912722222224,2.8909516260398314,180
2024-07-12,-0.20516699444444444,3.2305119867926093,180
2024-07-15,0.2378096805555555,3.046468706678151,180
2024-07-16,0.1753161,2.748492301964276,180
2024-07-18,-0.8322095555555555,2.5629050072372763,180
2024-07-19,-2.1055718888888886,2.378738988670283,180
2024-07-22,0.8450722944444445,2.810796718941404,180
2024-07-23,-0.15885767500000003,2.9457263324412852,180
2024-07-24,1.3844131888888889,2.9697444902389654,180
2024-07-25,-0.4151641794444444,2.6040277626210955,180
2024-07-26,1.0926644738888889,2.5178177093941105,180
2024-07-29,1.3291361561111112,2.743500387603888,180
2024-07-30,0.7228719166666666,3.068704939900267,180
2024-07-31,0.1451682055555556,2.796107475320548,180
2024-08-01,-0.9912193966666668,2.68817254539121,180
2024-08-02,-0.928085566111111,2.5523416824231773,180
2024-08-05,-3.6395806888888886,1.9255828590079593,180
2024-08-06,-0.15296734111111107,2.942994374558759,180
2024-08-07,2.2179195016666666,2.4571061146855264,180
2024-08-08,-0.2208719277777778,2.6947660242370897,180
2024-08-09,0.6496488888888888,2.8394688673379758,180
2024-08-12,0.2885589154696133,2.929897174578892,181
2024-08-13,-1.428377382872928,2.701021885606727,181
2024-08-14,-0.6712638618784531,2.6483790580212534,181
2024-08-16,1.4915703066298343,2.7281504052157906,181
2024-08-19,0.9529563917127072,3.4043852910883503,181
2024-08-20,0.6278687027624309,2.9431417140029708,181
2024-08-21,1.155525776243094,2.7838793327031706,181
2024-08-22,0.6742576077348067,3.0839006620960348,181
2024-08-23,-0.10818151381215471,2.816117375150091,181
2024-08-26,0.8352748994475139,2.829236393844371,181
2024-08-27,0.40364689257142855,2.350386414050775,175
2024-08-28,-0.7438827298342541,2.230189537258264,181
2024-08-29,-0.9351161988950276,2.6166976747134663,181
2024-08-30,0.7672625082872927,2.9787432657331507,181
2024-09-02,-0.03778275801104971,2.600004310047749,181
2024-09-03,0.8494081613259669,2.3835666299329374,181
2024-09-04,0.05568938791208795,2.841788939048299,182
2024-09-05,0.6226833895604396,2.590705306011437,182
2024-09-06,-0.8262751148351648,2.783267263376854,182
2024-09-09,-0.406897310989011,2.9680864774542615,182
2024-09-10,1.208307978021978,2.611658479908176,182
2024-09-11,-0.7008961263736264,2.525584733276014,182
2024-09-12,1.2464921769230768,2.626823774124801,182
2024-09-13,0.7576573098901099,2.5902651108431827,182
2024-09-16,-0.29267057692307685,3.109418117608325,182
2024-09-17,-0.019779192307692352,2.538828606014391,182
2024-09-18,-0.8801955824175823,2.6623539891439196,182
2024-09-19,-0.8982273901098903,2.7061796727554714,182
2024-09-20,1.031607225274725,3.393812350521017,182
2024-09-23,0.5853102681318681,2.8427819336742557,182
2024-09-24,-0.15863584890109894,3.048219265686092,182
2024-09-25,-0.6132929450549451,2.8210874739898277,182
2024-09-26,-0.3766239175824176,2.861421991534451,182
2024-09-27,0.18037570329670333,3.1147731160679797,182
2024-09-30,0.2950854225274725,2.29082225669069,182
2024-10-01,0.26902189780219776,2.7745148939513964,182
2024-10-03,-2.0006424835164838,2.5058838615581416,182
2024-10-04,-1.1159330384615385,2.54519075122298,182
2024-10-07,-2.6798579681318677,2.623372458300508,182
2024-10-08,2.163090914835165,2.581659456760894,182
2024-10-09,1.2254552252747253,2.6880515420631066,182
2024-10-10,-0.2014100164835165,2.779322316766647,182
2024-10-11,0.17842808846153846,3.1359776595889124,182
2024-10-14,0.04449630219780222,2.8034937265751365,182
2024-10-15,0.7074793456043957,2.961736469578899,182
2024-10-16,0.24314918021978027,2.6261700246696744,182
2024-10-17,-1.6211845934065936,2.093863332202573,182
2024-10-18,-0.02161061758241763,2.5186689826203823,182
2024-10-21,-1.3750613120879123,2.551157957500524,182
2024-10-22,-3.3967010626373626,2.4931978903236955,182
2024-10-23,0.5868582340659342,2.7540149096350515,182
2024-10-24,-0.6726410763736264,2.9120029585588765,182
2024-10-25,-2.0466616450549453,2.6010680920641187,182
2024-10-28,0.852872428021978,2.919982412357562,182
2024-10-29,0.8318805098901098,2.9019936804033457,182
2024-10-30,1.0065039630681818,2.9661514007975858,176
2024-10-31,1.2764527802197803,2.6876765496719437,182
2024-11-01,1.507145576923077,2.2979339183253753,182
2024-11-04,-1.8042902747252747,2.5989202403306666,182
2024-11-05,0.5023976732954546,3.078471808850725,176
2024-11-06,1.542321278021978,2.8760058135259983,182
2024-11-07,-0.6149133,2.6266613288373706,182
2024-11-08,-1.7224100472527475,2.2190781804895523,182
2024-11-11,-1.1689050714285714,2.857739370582372,182
2024-11-12,-0.9081443335164834,2.3789218471022773,182
2024-11-13,-3.18875343715847,1.9006981543854276,183
2024-11-14,0.5320546120218579,2.9903658536513125,183
2024-11-18,-1.0627980338797816,2.88285982343636,183
2024-11-19,1.2393900601092895,2.748023692312896,183
2024-11-21,-1.0940227267759564,2.740405241610044,183
2024-11-22,0.8710204972677595,2.583368102871963,183
2024-11-25,1.790588680874317,2.7675191791909195,183
2024-11-26,0.4043838087431694,2.827418728076258,183
2024-11-27,0.9925624639344262,3.173753219918206,183
2024-11-28,0.07784220218579228,3.089969502527057,183
2024-11-29,0.8311018469945356,2.9292561360680587,183
2024-12-02,0.6441705846994535,2.939775014531932,183
2024-12-03,1.3532515737704918,2.6433475481139594,183
2024-12-04,0.2852240879781421,3.020439828478598,183
2024-12-05,0.3304116010928962,2.688412310261391,183
2024-12-06,0.23670201639344265,2.770472830033016,183
2024-12-09,0.19201243387978148,2.863794122302839,183
2024-12-10,0.4002106994535519,2.9242557499737916,183
2024-12-11,0.5363223661202187,2.4104583986222363,183
2024-12-12,-1.1465024644808743,2.615954889412115,183
2024-12-13,-0.3659413097826087,2.3645520001865776,184
2024-12-16,0.5666652065217391,2.8525763870193566,184
2024-12-17,-1.0206444940217392,2.4549923062124663,184
2024-12-18,-0.8272908592391306,2.5630722233137764,184
2024-12-19,-0.4699165081081081,2.600384375271852,185
2024-12-20,-1.8714408387096773,2.509027090134112,186
2024-12-23,-0.5201778505376344,2.54235950070091,186
2024-12-24,0.41311315053763437,2.842957743003127,186
2024-12-26,-0.07614630000000003,3.1364500680930627,186
2024-12-27,0.2681204462365591,2.505311580916438,186
2024-12-30,-0.28562902795698925,3.005344669615546,186
2024-12-31,0.555988714973262,2.3369031197194774,187
2025-01-01,0.6077461288770053,2.99833448213966,187
2025-01-02,0.8015519251336898,2.961792534961855,187
2025-01-03,-0.49715056149732617,3.0812622098212423,187
2025-01-06,-2.610118814438503,2.4689988317274176,187
2025-01-07,1.4733618556149732,2.66583029303844,187
2025-01-08,-1.1490529213903742,2.597088305317096,187
2025-01-09,-1.1750921818181816,2.7001962887181894,187
2025-01-10,-2.298939714438503,2.089924387849546,187
2025-01-13,-4.043309465240642,2.2666750832368847,187
2025-01-14,1.4651641508021391,2.719491062334525,187
2025-01-15,-0.04216584812834223,3.229466389757454,187
2025-01-16,1.0784918288770053,3.0439421225069547,187
2025-01-17,-0.002872508021390426,2.749126248769921,187
2025-01-20,0.7242015133689839,2.8816376091056193,187
2025-01-21,-1.5641502673796792,2.723003953823697,187
2025-01-22,-1.4183455812834223,2.906127151993426,187
2025-01-23,1.0205443262032086,2.736913407566592,187
2025-01-24,-2.0985184240641708,2.4597404966644474,187
2025-01-27,-2.9569669999999997,2.4946432389757507,188
2025-01-28,-1.1965503888297873,3.2048777574507845,188
2025-01-29,2.8949685473404254,2.514428077090951,188
2025-01-30,0.02341451693121691,2.992722557509824,189
2025-01-31,1.7402999941798942,3.2965886044151227,189
2025-02-01,0.09983834814814814,3.343386493197674,189
2025-02-03,-1.6505852275132278,3.2492548283574707,189
2025-02-04,0.6947312084656085,2.7544673503881074,189
2025-02-05,1.1639762163157896,2.9482038705119886,190
2025-02-06,-0.12923895105263158,2.662354036407742,190
2025-02-07,-0.4291549931578948,2.3246403705082597,190
2025-02-10,-2.1802404684210526,2.2580091664227964,190
2025-02-11,-2.920814283157895,2.2384016134460567,190
2025-02-12,-0.6614865157894737,2.888178522387038,190
2025-02-13,-0.322874,2.941915388279472,190
2025-02-14,-2.5647474515789477,2.8183773381889896,190
2025-02-17,-0.16634794947368425,3.4068703514619423,190
2025-02-18,-1.2739341794736843,3.2905758988074143,190
2025-02-19,1.7500756784210527,3.0866142975086164,190
2025-02-20,1.20694897486911,3.0120078419528076,191
2025-02-21,-0.7885453204188481,2.4013733445376912,191
2025-02-24,-1.3768217958115183,2.584850346561792,191
2025-02-25,-0.05049639267015709,2.6577067477623113,191
2025-02-27,-1.4219651963350786,2.888237734589547,191
2025-02-28,-2.3162745612565443,2.682465167150663,191
2025-03-03,-0.49627113141361245,3.3012874513292734,191
2025-03-04,0.7557107267015707,2.9009684626048404,191
2025-03-05,2.638847807329843,2.3447650638290667,191
2025-03-06,1.5982777633507854,2.842710023242476,191
2025-03-07,0.47891837958115185,2.93994937048565,191
2025-03-10,-1.6200902513089004,2.5463941195753588,191
2025-03-11,-0.6551107696335078,2.844471109631479,191
2025-03-12,-0.5452756073298429,2.595030487198096,191
2025-03-13,-0.9997165445026178,2.3029786942713506,191
2025-03-17,0.5188468476439791,2.7169885812836525,191
2025-03-18,0.15816038219895287,0.7538041449740916,191
2025-03-19,3.6191208141361257,2.9989927352922567,191
2025-03-20,0.8768303109947645,2.856018426536274,191
2025-03-21,2.1214778712041884,2.7634462364430106,191
2025-03-24,1.1040541884816752,2.612542807248473,191
2025-03-25,-1.2790639842931937,2.4427664404085303,191
2025-03-26,-1.1865357931937173,2.545049041906205,191
2025-03-27,0.6637171633507853,2.9876317851061356,191
2025-03-28,0.16789856544502615,2.444061242699729,191
2025-04-01,-0.45870375968586385,3.098948599305858,191
2025-04-02,1.1474300314136126,2.7306767953137516,191
2025-04-03,0.23855060732984296,2.8837929695714286,191
2025-04-04,-3.1366084607329845,2.04411271126866,191
2025-04-07,-3.728708519895288,2.172892929926933,191
2025-04-08,1.8267071612565444,2.2655857853924224,191
2025-04-09,-0.9475816282722513,2.669517104425205,191
2025-04-11,2.516248464921466,2.8382010425818454,191
2025-04-15,2.903837887958115,2.3629975617193244,191
2025-04-16,0.9752867015706806,2.743710544765374,191
2025-04-17,0.22973425654450264,2.8533460862421975,191
2025-04-21,1.7946516439790574,2.449391170461276,191
2025-04-22,0.8501987120418847,2.485437926301816,191
2025-04-23,0.4418024607329843,2.6298732077668,191
2025-04-24,-0.052150195811518356,2.545164002711455,191
2025-04-25,-2.377333314136126,2.1866452858636785,191
2025-04-28,0.5481363319371728,2.3249303179488767,191
2025-04-29,0.2618898560209424,2.6109710888531144,191
2025-04-30,-1.334102623036649,2.62566001154329,191
2025-05-02,-0.5481667471204188,2.7332337424223314,191
2025-05-05,1.546593662303665,2.5177490611885474,191
2025-05-06,-2.3226582303664927,2.403523014585178,191
2025-05-07,1.2571774114583334,2.5575028530211807,192
2025-05-08,-1.6497231328125002,2.723841813837779,192
2025-05-09,-0.3965180310880828,3.0799091895702357,193
2025-05-12,3.6739257212435232,2.6581905535096655,193
2025-05-13,0.9594855077720207,2.8264813967315057,193
2025-05-14,1.499733196373057,2.4266361967780474,193
2025-05-15,0.8661278155440415,2.6641514062071305,193
2025-05-16,1.2816897647668395,2.8623796094000835,193
2025-05-19,0.6317753678756477,2.950556530641821,193
2025-05-20,-1.1593604227979275,2.6248245139172286,193
2025-05-21,0.8471240207253886,2.6254984037182862,193
2025-05-22,0.049451950777202075,3.0644852154899835,193
2025-05-23,0.5477471585492228,2.550641851476422,193
2025-05-26,0.6101122227979274,2.4402925883808946,193
2025-05-27,0.10008004507772021,2.7305013174360258,193
2025-05-28,0.21673121243523316,2.6278973871118922,193
2025-05-29,0.42208065284974094,2.638914181112561,193
2025-05-30,0.03947973056994815,3.2087343928173047,193
2025-06-02,0.18238092901554404,3.172356683246749,193
2025-06-03,-0.10220240721649486,2.654484667466856,194
2025-06-04,0.8556598969072164,2.7937590106348766,194
2025-06-05,0.47010857061855665,2.5953306661982927,194
2025-06-06,0.22215114329896904,3.007277853841263,194
2025-06-09,1.0676519711340207,2.3153461126545234,194
2025-06-10,-0.012970489690721633,2.476157296029017,194
2025-06-11,-0.057335747938144305,2.6001706135100005,194
2025-06-12,-1.3668765206185567,2.49842867062004,194
2025-06-13,-0.6986604123711341,2.43909790280477,194
2025-06-16,0.5734432886597938,2.366630311051638,194
2025-06-17,-0.8836413350515464,2.555840123528365,194
2025-06-18,-0.41668475051546383,2.560876606829475,194
2025-06-19,-2.0107452113402062,1.9707991801228275,194
2025-06-20,0.5910667422680412,3.0854028139470344,194
2025-06-23,0.503208587628866,2.849189735399507,194
2025-06-24,0.7017328814432989,2.6538338335684633,194
2025-06-25,1.4791660824742268,2.758117954985478,194
2025-06-26,0.2356778762886598,2.766528758017908,194
2025-06-27,0.5480018999999999,2.8108356112659387,194
2025-06-30,0.48171192886597936,2.724446279281704,194
2025-07-01,-0.5857509226804124,2.7813230566906637,194
2025-07-02,-0.11273902577319592,2.925282519735151,194
2025-07-03,0.6214115603092785,2.3255688912845827,194
2025-07-04,-0.0442366494845361,2.8579747562570237,194
2025-07-07,-0.10011645360824743,2.450988066746201,194
2025-07-08,-0.13469720103092786,2.7277896303376363,194
2025-07-09,0.11764905154639177,2.9222039285292105,194
2025-07-10,-0.06853100721649485,2.564380524435674,194
2025-07-11,-0.8575570979381443,2.752625755023428,194
2025-07-14,0.5718159525773197,2.6020089126551693,194
2025-07-15,1.2581658453608249,2.3683978739030516,194
2025-07-16,0.17928455670103094,2.5803669186288234,194
2025-07-17,0.7171840670103093,2.3700333802268356,194
2025-07-18,-0.8952999175257732,2.2497771182646047,194
2025-07-21,0.08637369072164948,2.4266379066854116,194
2025-07-22,-0.2704176564102564,2.852414297382417,195
2025-07-23,0.26050575487179484,2.905220184574206,195
2025-07-24,-0.4640823230769231,2.8537433229717992,195
2025-07-25,-1.8699679010256411,2.1283415403858355,195
2025-07-28,-1.0347450974358974,2.226022109035145,195
2025-07-29,1.0904148112820513,2.640350824365104,195
2025-07-30,0.6214132994871795,2.7450945110815237,195
2025-07-31,-1.0228503435897436,2.638569428685411,195
2025-08-01,-1.6397315066666667,2.2101833078130197,195
2025-08-04,0.9427502333333334,3.003220930988716,195
2025-08-05,-0.3140183230769231,2.66996705775867,195
2025-08-06,-1.3957379897959186,2.6314643464804353,196
2025-08-07,-0.09090112755102042,2.66662285447576,196
2025-08-08,-1.2386797515306123,2.4356177153681253,196
2025-08-11,0.3723139576530613,2.7536514292980394,196
2025-08-12,-0.04389657653061225,2.5919398323071783,196
2025-08-13,0.44047845714285716,2.7542032467373514,196
2025-08-14,-0.16356243877551022,2.7479250913395883,196
2025-08-18,1.5990349035532994,2.7299753682081045,197
2025-08-19,1.1896708893401016,2.6414927703704727,197
2025-08-20,0.22118070761421313,3.058685079648894,197
2025-08-21,-0.5214508680203045,2.928609522648939,197
2025-08-22,-0.6310673639593909,2.640537796639871,197
2025-08-25,-0.10723640609137056,2.679246558403559,197
2025-08-26,-1.7796084416243656,2.244260254046782,197
2025-08-28,-1.2261367512690353,2.751385878168164,197
2025-08-29,-0.2965048172588832,2.5980075424501394,197
2025-09-01,1.4202061116751268,2.513522979396446,197
2025-09-02,0.6625374010152283,2.4848628825626653,197
2025-09-03,0.6266214395939086,2.845869634148352,197
2025-09-04,-0.714891111675127,2.4838728092075444,197
2025-09-05,-0.41886903401015224,2.551305221418523,197
2025-09-08,0.4289506345177665,2.7691973018929903,197
2025-09-09,0.3511005482233503,3.095178725553801,197
2025-09-10,0.6817844365482233,2.748189924664465,197
2025-09-11,0.29268903553299497,2.869293542293204,197
2025-09-12,-0.02499773705583756,2.604750703343301,197
2025-09-15,0.6343883898477156,2.7332276193785594,197
2025-09-16,0.7906874045685279,2.6404753160663588,197
2025-09-17,0.38452681573604064,2.298406139011613,197
2025-09-18,-0.028652758080808045,2.5117305036317212,198
2025-09-19,0.04460580808080804,2.6964941573282437,198
2025-09-22,-0.9067332474747475,2.8146647512681193,198
2025-09-23,-0.8219852797979796,2.396348720001945,198
2025-09-24,-0.8702198787878787,2.926138152212706,198
2025-09-25,-0.994902590909091,2.4268767720683115,198
2025-09-26,-1.9516681515151515,1.946379246074464,198
2025-09-29,-0.34374446414141413,3.0574015453830916,198
2025-09-30,0.32242818939393936,2.786828050161932,198
2025-10-01,0.8830064611111109,2.1844831677278633,198
2025-10-03,0.9281631661616162,2.6663451135317473,198
2025-10-06,0.32798609191919187,2.807473486697179,198
2025-10-07,0.0473795101010101,2.8269028362164046,198
2025-10-08,-0.8130841404040404,2.3843565972328955,198
2025-10-09,0.3059286111111111,2.847744574982008,198
2025-10-10,0.8980439626262627,2.722310176900247,198
2025-10-13,-0.9253367474747475,2.7938079132056037,198
2025-10-14,-1.0628983636363636,2.5919723952949196,198
2025-10-15,0.9387648535353535,2.735788322990535,198
2025-10-16,0.5005555202020201,2.37031689899744,198
2025-10-17,-0.30076400000000003,2.7450542697668507,198
2025-10-20,0.4270067020202021,2.9078681086114515,198
2025-10-21,1.0961470454545452,2.3828539364590644,198
2025-10-23,-0.3005531212121212,2.567368395442161,198
2025-10-24,-0.5989764292929293,2.724600151025941,198
2025-10-27,0.7725279691919191,3.1885668441045043,198
2025-10-28,-0.07132176767676766,2.406781397414424,198
2025-10-29,0.47897825757575757,2.8716766573410206,198
2025-10-30,-0.39808802020202017,2.5113651331786624,198
2025-10-31,-0.9170254626262626,2.482063859698577,198
2025-11-03,0.7235813984848484,2.447525155964355,198
2025-11-04,-0.7285828025252526,2.5890637880413077,198
2025-11-05,0.0,0.0,157
2025-11-06,-1.7063261737373736,2.701953508699525,198
2025-11-07,-0.4318120959595959,3.0384567339463993,198
2025-11-10,0.1003436090452261,2.5326641664576743,199
2025-11-11,-0.026518929648241162,3.0985421889781932,199
2025-11-12,0.8031566211055278,2.5394597478685905,199
2025-11-13,-0.6524437846153847,2.5505138816773556,195
2025-11-14,-0.06181505879396983,2.5856886015397316,199
2025-11-17,0.7553736575000002,2.598214485324132,200
2025-11-18,-1.162809035,2.0788173209666523,200
2025-11-19,-0.23487593034825868,2.723258958962578,201
2025-11-20,-0.047860860696517425,2.8604652336575147,201
2025-11-21,-1.3333807412935323,2.2044001284294494,201
2025-11-24,-0.5650947064676617,2.9123027445135143,201
2025-11-25,0.0055157064676616165,2.6105277351021363,201
2025-11-26,1.2399530303482589,2.333734456463031,201
2025-11-27,-0.5208940099502487,2.6760289893892404,201
2025-11-28,-0.4401444825870647,2.397330261292818,201
2025-12-01,-0.07779003582089554,2.273283421017078,201
2025-12-02,-0.5615711990049751,2.6159715162479675,201
2025-12-03,-0.8783806616915422,2.762370957954837,201
2025-12-04,-0.03638402985074628,2.995521372501954,201
2025-12-05,-0.7286643278606965,2.4711632389937206,201
2025-12-08,-2.045281421890547,1.706278530086921,201
2025-12-09,0.5495460880597014,2.2429957008023056,201
2025-12-10,-0.2904447417910448,2.553102782549704,201
2025-12-11,0.5845568507462686,2.6077400439786627,201
2025-12-12,0.9413080348258706,2.6118504424471425,201
2025-12-15,0.30945762189054726,2.2890805111117776,201
2025-12-16,-0.9975307363184078,2.1317702365374944,201
2025-12-17,-1.0015128656716417,2.694106052907581,201
2025-12-18,-0.43576507462686564,2.6133304180175685,201
2025-12-19,1.439959656716418,2.777541147524273,201
2025-12-22,1.1677122238805968,2.5489540293136406,201
2025-12-23,0.07918654228855716,2.4060557315689883,201
2025-12-24,-0.3416137910447761,2.6167833091602035,201
2025-12-25,0.0,0.0,129
2025-12-26,-0.397613368159204,2.654048122692445,201
2025-12-29,-0.5901087960199004,2.4639082004052084,201
2025-12-30,-0.36280922388059705,2.417003323632052,201
2025-12-31,1.5005455771144276,2.359872739894462,201
2026-01-01,-0.10440006467661692,2.1705909154743006,201
2026-01-02,0.8998063308457712,2.611462788800587,201
2026-01-05,0.20274951243781095,2.932749083247469,201
2026-01-06,-0.46990060199004974,2.5441317850666563,201
2026-01-07,0.09506980597014926,2.4686779962101495,201
2026-01-08,-1.9058946766169156,2.1234256490939183,201
2026-01-09,-1.715766258706468,2.2152515777369786,201
2026-01-12,-0.7781415223880598,2.9603900196348336,201
2026-01-13,0.4675316965174129,2.60444269829051,201
2026-01-14,-0.017592557213930365,2.8965299548721912,201
