Stock,Avg_Corr_20,Avg_Corr_50,Avg_Beta_20,Avg_Beta_50,Avg_Tracking_Error_20,Avg_Tracking_Error_50,Valid_Return_Obs,Avg_Entropy_20,Avg_Entropy_50
360ONE,0.3078852389897151,0.3227773334323386,0.6658959582005297,0.7011406720891588,2.1015685203690677,2.1505955914959727,1236,1.9648844324741872,1.965536744084488
3MINDIA,0.225348271744535,0.213806124584137,1.0144462716293912,0.9098844919541051,4.290209921769749,4.334997392146851,1237,1.9278973981749103,2.072237008644171
AADHARHFC,0.3727048716189675,0.3823711730641811,0.7658277590806775,0.7580142314898071,1.9163626464775017,1.9594342316958056,416,1.9812931773342384,1.9883803268702225
ABREL,0.4925088003243205,0.513424964054379,1.2039365867025376,1.2249479675296413,2.0758989073523737,2.1082146631084457,1238,1.9045539766359407,1.9044167938390404
ABSLAMC,0.2800100381571484,0.2881488557418951,1.267653976847962,1.2767002995214598,4.224318675788258,4.277614616338026,1056,1.9311902427665173,2.063549316585716
ACC,0.3670607725407486,0.3649591025181783,1.796226765142308,1.7180887555985938,4.277407411698809,4.326299061355534,1238,1.954473044476976,2.0881296890672942
AEGISLOG,0.2902308768973121,0.2952440185884634,0.6616401749509078,0.6689516552980136,2.414130668471323,2.4231989027770906,402,1.945579093938077,1.974828462847198
AEGISVOPAK,0.3686843033442485,0.4007589341985622,1.1928298593834146,1.2736406319047615,2.268503350789158,2.3315120093884865,157,1.9150762840276772,1.8645267518142707
AFFLE,0.4844006048752908,0.506166908033169,0.9816336190396387,1.0220291221698563,1.7783575956862945,1.7978076086771082,1237,1.9170733062893484,1.912539713628438
AGARWALEYE,0.1536584191751659,0.1313694617546066,0.3008681420414465,0.2533334915910796,2.080792980040818,2.14428026998642,234,1.983479421738279,1.953628856292875
AIAENG,0.202125014524782,0.1954230978357236,0.939433728081957,0.8392030989581977,4.288264881847013,4.320544966387075,1237,1.954041558525497,2.0886707086070917
AJANTPHARM,0.2058905750643982,0.2133386327422912,0.3658661027926906,0.38564206638346,1.8372166190685124,1.889515677063465,1236,1.9397768849558652,1.9381502647066804
AMBER,0.3945626505945747,0.402942028175784,0.8814007355426391,0.9015019306466532,2.078483171240261,2.1246032847823084,1238,1.91605626507406,1.921522231322968
ANANDRATHI,0.2334591682034726,0.23888295074486,1.031755579781083,1.035374459951313,4.358999948424596,4.377166857801734,1013,1.9479017446222715,2.103404445621813
ANANTRAJ,0.4927261354112289,0.5253904650598608,1.3641919068145008,1.4235646927296797,2.3858905778284365,2.3997305999921075,1238,1.971327258914453,1.99768219524996
ANGELONE,0.4651611501840417,0.4873989800205355,1.250725180976498,1.3034462443710666,2.3607572114604283,2.426381993039428,1238,1.954191005168457,1.963419349079364
ANTHEM,0.3624712257725871,0.3571947438265733,0.8974014637385198,0.885136531921196,1.8969072641239129,1.8214179691784569,123,1.9550564348876929,1.9325530060999143
APARINDS,0.3657677122299313,0.3693283706834024,0.9031776905152392,0.8852240773764359,2.3136586328370576,2.352212675577499,1238,1.962504218933421,1.971834891779015
APOLLOTYRE,0.5020271339091051,0.5181404668114515,0.9758606066500924,0.9561601371197708,1.5838806702852464,1.5884006835811404,1238,1.9108975677242015,1.9147770065579053
ARE_M,0.372505814067921,0.3868463815378869,1.657641172634006,1.5515944563218986,4.311121781072621,4.163629301924204,549,1.9532016999904696,2.0991281135945044
ASAHIINDIA,0.4239332996363992,0.442587343319623,0.9404188842586628,0.9730065370428996,2.058773523766738,2.0886444901323293,1237,1.9493139151636485,1.9618772652063168
ASTERDM,0.2905782944281359,0.2980387571121984,0.5243372095355474,0.5817292633661938,2.04916006478974,2.1063554191810927,1237,1.890554925550913,1.8502215898480283
ASTRAL,0.4537366946839679,0.4673005392121483,0.8272240618030028,0.8430119583419293,1.6259277243005168,1.656788673503476,1238,1.9303097251793804,1.8859310543904169
ASTRAZEN,0.2209120614216489,0.2140272345438158,1.0564298102286187,0.9253593214198902,4.370177058925893,4.384573589203311,1236,1.9682320705624756,2.0925603410094133
ATHERENERG,0.2033082157566593,0.2075924341040468,0.7360489625916733,0.7564874267095637,2.632803124208284,2.7555900279450283,177,1.9117265929422156,1.9992962796541385
ATUL,0.2947130546803771,0.2893413421021352,1.5381257917464115,1.3778715242091508,4.430803579697885,4.481173762468276,1238,1.9758016922394064,2.125884284610657
AWL,0.4180016139300974,0.4341906327543526,1.0028384200942604,1.086365714150078,2.2151104149306797,2.281395221661114,973,1.767756426590143,1.7737119545946065
BALKRISIND,0.2912383102286013,0.2942552463775803,1.3910137320787537,1.3544619331877668,4.431034093902194,4.4693976092460685,1238,1.9470495279511504,2.1058807779357167
BANDHANBNK,0.5329483534453548,0.547976548190887,1.148374910574554,1.1525647505343943,1.75566836092663,1.7942870866677096,1238,1.952398310755544,1.9253816515306024
BASF,0.3404874063141246,0.3557117015459234,0.6303212688222483,0.6815207618833126,1.84235134766012,1.8859426008617013,1237,1.9011912489292329,1.868881555827507
BAYERCROP,0.2029967252307973,0.2054465853256934,0.9975636366347408,0.9715565371397814,4.518455479847069,4.575418948441226,1237,1.9619659254110928,2.105942030062892
BIKAJI,0.3233847574571789,0.3370907076135813,0.6540931671756497,0.6542795060078168,1.8242584156306985,1.843040704003499,784,1.921789416378775,1.9105211888155185
BLUESTARCO,0.3544207734320953,0.361181740171995,0.6719463741311421,0.661112856687369,1.7713688161457068,1.8118374475983283,1237,1.9542130726328604,1.949897921765112
BRIGADE,0.4223443147844549,0.4451912503006491,0.9532644962667997,0.9791290657395828,1.967337387832976,1.9912141169428292,1238,1.9786872860492548,2.0126049822598704
CAMS,0.4505402569228072,0.4626903890635114,0.9080088340935126,0.9113795855515622,1.765263355933093,1.8003352929043683,1238,1.919014451980907,1.9308668649841183
CASTROLIND,0.28996153355182,0.2925308424153974,1.3849701695604388,1.356476680546863,4.405484720836645,4.439835644431997,1238,1.9717632368619664,2.115324267390142
CDSL,0.540712072286376,0.5651592782819524,1.0865873669151789,1.1350106234825266,1.7039778217564705,1.7415495156657246,1238,1.9027200824446848,1.9144753848374456
CENTRALBK,0.5637145657777605,0.5744768410007166,1.309841065846044,1.3342786900297536,1.9579761928301476,1.9928217584719987,1238,1.9012650873328725,1.8831312139869447
CENTURYPLY,0.3678931078461184,0.3945088609671811,0.7065376499700914,0.7478881072866363,1.7851897495188738,1.8129869059015005,1237,1.911706456013676,1.8960219260203024
CESC,0.5002535182642769,0.5207404912513597,0.965137896315596,1.005153255463357,1.627938597943232,1.658887317887386,1237,1.8990801535225004,1.91228340850069
CGCL,0.2169546822686843,0.2264733592229197,0.9688472201854124,1.001482853109333,4.276619534023985,4.313334023957692,1238,1.956763590004648,2.0927676167226585
CHALET,0.4079430009806678,0.4231847724377132,0.8712582507130431,0.8917053559958404,1.8981625896110843,1.9315877106092296,1237,1.9524243611784784,1.9642712840356469
CHAMBLFERT,0.5152699805557708,0.5192187059955097,1.1285961153218964,1.1111572651041324,1.881372601255194,1.911665332262156,1238,1.95124722001378,1.9502755148219613
CHOICEIN,0.3357131174756696,0.3354706183744708,1.5313312455553143,1.526130740639592,4.213197408324791,4.276096711821922,933,1.963499450325204,2.074612024325853
CHOLAHLDNG,0.3249185281061887,0.3418617155634942,0.6687094267637387,0.6725333864100418,1.8339616036879027,1.8509965219548965,1236,1.9637186119549903,1.9801329162741053
COCHINSHIP,0.4761726998662581,0.4911796977048836,1.0708625559352354,1.0858919136322935,1.9602396218623064,2.0032706989925906,1238,1.9333042266131304,1.9316784666008329
COHANCE,0.268501054185105,0.2553354908264424,0.6997803951266538,0.729936989152762,2.084391570409272,2.2309853717235537,173,1.8651914880593587,1.7306474212675218
CONCOR,0.5530836753140529,0.559198389048421,1.005073146944918,0.9801670542307376,1.4873389582812466,1.505562306758525,1238,1.9250991060993217,1.929237100096082
CPPLUS,0.2372314581295533,0.2154387791081926,0.6472085748945337,0.7986285321835537,2.742661643120364,2.8155678857635578,111,1.9491091070532736,1.9228525454008265
CRAFTSMAN,0.3359059367752501,0.3623866184528652,0.7011239088116664,0.765070803534163,2.004846454814565,2.0276898469557585,1190,1.9028875188310967,1.8976266024123087
CREDITACC,0.3491279478333018,0.353386812319136,0.7758215900692383,0.7774641053349738,2.135622771639444,2.18305307911966,1238,1.932871785000067,1.9238255760308216
CRISIL,0.2675021140994029,0.2626507139611028,0.5304003405709016,0.5052731396372445,1.8907819887908983,1.9544970794464225,1237,1.9487996372999663,1.9327289551537816
CROMPTON,0.401978531370607,0.4065504400113627,0.6836735590949408,0.6698876176114543,1.5765088742258009,1.6027090750798378,1238,1.956533086132013,1.928855849634053
CUB,0.5111484161272036,0.516200227960685,0.9638832537417148,0.958129883855252,1.6085102996192682,1.6350959201836976,1238,1.9296370677764412,1.9241600458170904
DALBHARAT,0.527630220759726,0.5388562108361132,1.0180472883194458,0.9976120017465228,1.5595975890214022,1.5945544910843426,1236,1.976411260760573,1.9756574980157957
DCMSHRIRAM,0.3269553288847742,0.3372861881682492,0.7362168683758444,0.7313935309761115,2.1046879656178,2.141961527515005,1237,1.888824227691212,1.8623865894232476
DEEPAKNTR,0.5434724898855481,0.5525480886860594,1.039860349579245,1.037426389899487,1.558612943214709,1.585886532007828,1238,1.9106525985631315,1.8650176495480395
DELHIVERY,0.3851303739162229,0.3841054812982826,0.828791395395101,0.8163983880726542,1.927127283882578,1.9603172111005172,904,1.8987024203191007,1.85700342327551
DEVYANI,0.38679160445531,0.4099667070507719,0.8302200521807045,0.8535176172871666,1.9484124940112677,1.9853111856087309,1094,1.9450152596184889,1.924931062844207
ECLERX,0.3244075562085085,0.3316369814385534,0.7303389157658814,0.7206371684364495,2.1274157018593205,2.1692130822239863,1238,1.968170888985576,1.9694940933840737
EIDPARRY,0.4496068709024961,0.4787155045245732,0.9330224842434918,0.989606471302718,1.825904865010596,1.8564706354908471,1238,1.9270360219773703,1.8944843332868264
EIHOTEL,0.4215845447675176,0.4326714710862073,0.8767538653639273,0.9067764116027104,1.9110126841299304,1.9595734158064828,1237,1.89698111737589,1.9000753754654895
EMAMILTD,0.2707894869809665,0.275703656044176,0.5040597054344997,0.5059120682439943,1.8139020075759569,1.848040477041181,1238,1.966635122483456,1.9770913673135533
EMCURE,0.4326514330796284,0.4406446996383701,0.9099624107213616,0.8802213470014663,2.0349277542905835,2.1636097735898288,373,1.9377456341344248,1.9296934495639877
ENDURANCE,0.3518322704927087,0.3615396180102887,0.6785394955488437,0.673665965582916,1.753688220810088,1.7843444416573797,1238,1.9381132408800084,1.9346205041736624
ERIS,0.1820526907720567,0.1810126374464068,0.8191476958665788,0.779236793320366,4.377650170738987,4.424585756840774,1237,1.938283806027243,2.078926940774555
ESCORTS,0.2971932036667982,0.2953422487510445,1.3423902620298331,1.3059240493749389,4.338656657196663,4.368624508827279,1237,1.948161726543568,2.0916874043289577
EXIDEIND,0.4065947853048544,0.3990578531680671,1.927549756833691,1.7869003815042004,4.15541877647226,4.179193964862824,1238,1.9570143485171376,2.094067469946985
FLUOROCHEM,0.3638752301358456,0.3876979757784419,0.7947139472424529,0.8507842664629347,2.043165175318729,2.074486931526504,1237,1.9287933186659645,1.9325128281002104
FORCEMOT,0.4968306072582208,0.5034121047514044,1.169013453611713,1.17910729109307,2.10664953168244,2.152660468838504,1197,1.906603234896766,1.9035930943914143
FSL,0.4964315819080973,0.5107463314802769,1.113131948614326,1.1490729086388118,1.979036701382028,2.013477350179932,1238,1.9103617310757213,1.8882852518925752
GESHIP,0.4247094535692874,0.4476726182254263,0.9501296902914014,0.9618203857969442,1.9484203096062291,1.9652251289352245,1238,1.9610695099330764,1.9392777508199883
GILLETTE,0.2507988829961513,0.2512539831366617,1.2372395120047657,1.168662172887405,4.43492097071841,4.482447068632427,1238,1.969319174643669,2.105926712222393
GLAND,0.2684581807778434,0.2771658589668825,0.5272668405903072,0.522131978251105,1.94886375491795,1.9689972415397212,1237,1.9243810307592164,1.911402974160279
GLAXO,0.1747502196547405,0.1799560912441288,0.7729833579158389,0.7855613602677779,4.573829047245606,4.605516201806872,1238,1.9553274974565973,2.108255474068795
GMDCLTD,0.5193029565533586,0.5331543432458117,1.3702083483158165,1.3737833619349733,2.3151145411114142,2.332395972180179,1238,1.9473420200566087,1.9522002531389584
GODFRYPHLP,0.3870555221514647,0.3900512221934206,0.8738432684209982,0.8991806129610388,2.214633598572866,2.294853773425233,1238,1.9323213187841253,1.9223197196393689
GODIGIT,0.3234143874338023,0.3536221460244349,0.618177744435319,0.6892238821478287,1.9685845373094668,2.0801576434939184,411,1.942925635758445,1.9344984154020992
GODREJIND,0.2001906283616137,0.2000742250791751,0.96819196603131,0.9035502852733088,4.326774975231849,4.365678464502671,1238,1.949104282666227,2.08353216837239
GPIL,0.4496409573406512,0.4753400610685165,1.1779109914802348,1.2143764797881038,2.3122050307350253,2.340650468928416,1238,1.9708778959138868,1.998997740116616
GRINDWELL,0.3691588657896375,0.3793192861043567,0.7312674425515535,0.7114212277874166,1.789976503035103,1.8203279349235293,1237,1.9615495904190012,1.9647662115105389
GRSE,0.4822211802068611,0.4898583432359841,1.3578766453521969,1.3370065616212885,2.445912882034939,2.489472927843994,1238,1.9394493450101729,1.96240998922669
GSPL,0.416481690039306,0.4125070364779897,0.7818827205426847,0.7448826340800014,1.7145494608827885,1.7432163327511117,1238,1.951180186025237,1.939186660243842
GUJGASLTD,0.4620345976781214,0.4802444477962474,0.8234455517079023,0.8380285284423352,1.5939402100835078,1.6280130714214052,1237,1.976840472534488,1.962014571070217
HATSUN,0.2072947362415608,0.2040035633531023,0.91442321917915,0.886849866793088,4.414771250114649,4.455281879774894,1237,1.94859893497855,2.1010450935974254
HBLENGINE,0.472008693344221,0.5043739569365175,1.0337406882304865,1.0859930388691954,2.143916852088652,2.1058753676853668,271,1.944596488969284,2.024882416289421
HEXT,0.2557375543181691,0.2791377387141036,0.6358500274347688,0.6660089253471301,2.2330142232469528,2.210318449176921,221,1.959535178173046,1.968140157771044
HONAUT,0.2168811837323363,0.2183530936719952,1.061880830120878,0.9866784228142612,4.410177944934961,4.4598363378384605,1237,1.9705505350202537,2.115622688829614
HSCL,0.499433570436991,0.521959142547231,1.2070925770954368,1.2738710662884871,2.132175500730641,2.1736345750865573,1238,1.938623873506205,1.9537685032415528
HUDCO,0.6136256078911212,0.6280104626227421,1.4507847497786892,1.470869804288575,1.900954648648648,1.9306357319892664,1238,1.9245063493598893,1.910312964194352
IGL,0.5017132360469293,0.5006395809887804,0.9381787597101912,0.9061523340264898,1.586953263351229,1.613523859575147,1238,1.946466068886368,1.9426380507577348
IIFL,0.4774286721372011,0.4883837263705316,1.1572537341365663,1.1634975336521722,2.167749128640226,2.1837116676321577,1238,1.950445725251316,1.982033883423745
IKS,0.3439490673435717,0.3180806487367223,0.6946956998113869,0.5964385490055009,2.0523807665641822,2.137648163931426,266,1.933047414083628,1.8895620422225203
INDIACEM,0.4805452791436496,0.498077364930814,1.114371412921481,1.174299230197235,1.9619859819439245,2.0047512274452965,1236,1.8884698453990905,1.8692019843461551
INOXWIND,0.4271711649099701,0.4502907039953141,1.125002920633376,1.2106168283399987,2.55418684611047,2.6140510605471925,1238,1.94049052877879,1.976504344291024
IPCALAB,0.1978318297763009,0.1857994868104339,0.939854946853694,0.8146586345264805,4.324878909604043,4.354549632119469,1238,1.927701354747409,2.0611529759110043
IRB,0.5116949119211474,0.5473721597695754,1.2489088402612432,1.3423367797193222,2.1330361926993446,2.1817618906360554,1238,1.9097362891037204,1.908398950351607
IRCTC,0.4822818669785553,0.4781366517921093,2.3194720261991044,2.165364668695372,3.98355603004906,4.025971229315278,1238,1.9788544750775816,2.100929400808747
IREDA,0.6283956122900666,0.6349940790728387,1.4863593837990812,1.482645172252584,2.1243324285957232,2.1421548760409657,528,1.9337580551868023,2.013212354823552
ITCHOTELS,0.3825513810678247,0.4230086632685279,0.7059943917673338,0.8217946672066526,1.8481045234721405,1.8812405359899715,237,1.9286588334106567,1.9031722398112128
ITI,0.4596459034725624,0.4627767444976787,0.985952894104756,1.0024137489198564,1.9807437980595708,2.035947244435486,1238,1.8398984276164203,1.8246105473013232
JBCHEPHARM,0.2592288460449927,0.270311555112005,0.4521001026350135,0.4702513182920875,1.7973662966660338,1.8109490495563425,1238,1.9186868097246623,1.924247013303653
JKCEMENT,0.4698514976531486,0.4872129800295404,0.869427074546535,0.8552653715354652,1.5771753310433962,1.585873757416954,1237,1.952556039617245,1.9553458441034488
JSWCEMENT,0.4343764187580124,0.4279900062180038,0.9348822846878314,0.9822693614668606,1.566844160054628,1.60459788010634,105,1.8840215833638856,1.8275976517781165
JSWHL,0.4601206288267244,0.463112588936754,0.9083333977032598,0.8932055980676575,1.8209411500181545,1.8635784268910265,1237,1.9364560863010536,1.920989512447026
JUBLFOOD,0.4451174347971414,0.4515609782178336,0.8548462578362293,0.8411770519134228,1.657996580586627,1.679165689090556,1238,1.9372800315548155,1.9142953655040549
JUBLPHARMA,0.3848114093244457,0.401247849952887,0.855849413643379,0.8529655742974471,1.974803106503092,1.9951096363381056,1237,1.920535754528168,1.9301197241900612
JYOTICNC,0.4719584660962248,0.482113210426546,1.1791409092438276,1.2293301973785995,2.5054679018950665,2.549320337482482,495,1.9867954935757568,2.014244053217815
KAJARIACER,0.3343095211607375,0.3491146376366616,0.597547204742668,0.5980898696288964,1.7298467412024896,1.768497998637512,1237,1.9171809691409,1.915773468815462
KALYANKJIL,0.4185021307394593,0.423247423398617,0.9890434948839142,0.9733489722618016,2.09862153663828,2.1505807591138217,1188,1.9623949065529809,1.973831802960719
KANSAINER,0.2163177273754084,0.2112425480150618,1.01186453062222,0.9390930497430788,4.389756186756562,4.422648920540165,1238,1.9524922104506024,2.0873330576251483
KARURVYSYA,0.4476096754920466,0.4605780605312384,0.9532942949915126,0.9837696689391324,1.911526588185514,1.9344020166712448,1238,1.9335094092524827,1.918122668985193
KAYNES,0.3836224045414103,0.3937907263907471,0.9269874967576752,0.9859898201124532,2.2280257552284763,2.2922567311894846,780,1.9645718994539247,1.9646488929487569
KEC,0.3578310791270438,0.3650397995571559,0.7735483782612831,0.776178643129594,2.031935578086927,2.075976583514684,1238,1.92284370334174,1.9222888318606757
KEI,0.3689441176369231,0.3840355719994343,0.7801749483166044,0.817052131872334,2.082561033064322,2.1106488178796807,1238,1.948619584827804,1.940215049190802
KFINTECH,0.4061454010322832,0.4286650574798513,0.9890510930278632,1.064368042918775,2.206568812081344,2.2785581854890418,753,1.9443153034031568,1.956045885389492
KIMS,0.3001044530438688,0.2992686583149761,0.5351890871525016,0.5145212901721864,1.7927687956729703,1.821313506570046,1127,1.9773931381940089,2.0192595808390035
KIOCL,0.4931442276491209,0.5132529080504366,1.2757108300519802,1.3383892135890112,2.3373343551081804,2.3795028166993784,1238,1.9540670253410937,1.9471588542130456
KIRLOSENG,0.4762567506999947,0.4913470717953747,1.130190981498231,1.1870167920037982,2.1923698992533667,2.2151111770640903,1238,1.9573433198605,1.9793819341279
KPIL,0.4053180324551283,0.4403070030399,0.8280061546894665,0.8813044190081901,1.947427896765877,1.999266827171898,633,1.9462216189404664,1.9406957781128555
KPITTECH,0.4042277960892083,0.4118571149386157,0.9187502296489616,0.9329019921230032,2.105262395677886,2.1445980559170037,1238,1.9149934039208607,1.8943438904183336
KPRMILL,0.3284692556596758,0.338751900377832,0.6791417980325023,0.7169209542964254,2.060626597621599,2.1066069344787204,1238,1.945646059730192,1.9556103124024984
LALPATHLAB,0.2756924882638221,0.2637452629746707,0.559366352467715,0.5089506830363237,1.94323018234521,1.9798739441004436,1238,1.9093852724475653,1.9232282104392804
LICHSGFIN,0.6231884309313533,0.6322939187996357,1.156126742526116,1.1490852691814315,1.414982181827636,1.4381747428389116,1237,1.9129510628506832,1.890784734078644
LTTS,0.4266869319337059,0.4265307868987087,0.8288249254519865,0.8096746864142222,1.7258869425427483,1.7566902425538062,1238,1.8947353616682716,1.850646482966028
MAHSCOOTER,0.2935714815509116,0.304524623605057,1.25880635582461,1.303683985320766,4.223630066524485,4.272222077487182,1236,1.9539859702441036,2.0880594275865496
MANAPPURAM,0.5532983671877509,0.5550796351238911,1.2486776359435436,1.2268781460751488,1.824978282269434,1.8635089924123365,1238,1.9327769188705928,1.926424263925358
MEDANTA,0.2962451345692522,0.3032060809465654,0.5487939970211279,0.585111254376862,1.866346021390274,1.943263500301592,781,1.9552926096443275,1.980121806826256
METROBRAND,0.2993076876520177,0.3137546647320639,0.5289111164648513,0.5593341166017237,1.8561465371667565,1.875777787329688,1006,1.9411043150059388,1.9598810039723935
MRPL,0.4522169029145881,0.4701338514306191,1.0980540061825674,1.148733434912797,2.2329838299663467,2.289889190670208,1238,1.8721148396199987,1.8523554276452672
MSUMI,0.4370757786290976,0.4520372414427879,0.7510698154677102,0.7504074555548976,1.52973245427168,1.5289553038597066,942,1.9549449453810528,1.941232458759105
M_MFIN,0.5339812044829154,0.5505877506435295,1.0772168390393912,1.0713052827989848,1.6673674741618263,1.6622651050013886,1238,1.9584999268011896,1.9669393781982936
NATCOPHARM,0.3779435501109214,0.3910827455054362,0.6982569910924592,0.6989148223095921,1.7051072287127884,1.727774232688145,1238,1.9262826770387145,1.9038246151984748
NAVA,0.4605185105095788,0.4810573665642879,1.1510877938383737,1.2254749164082348,2.297301015775172,2.3551645662676077,1237,1.931324458467356,1.9291247669021725
NAVINFLUOR,0.4360873633528102,0.4548205421994358,0.8253014857147772,0.8394582427835755,1.665026917842714,1.6881440486592,1238,1.8913678226029649,1.8649221345998224
NBCC,0.6041975933610627,0.6171204905415845,1.5718144426273144,1.55805110241232,2.0781922477847274,2.111193599498332,1238,1.926195991293575,1.9407358465308984
NETWEB,0.4100207267143221,0.4295478120913921,1.1201625326316054,1.2020850951092643,2.723519522005585,2.817999003483976,611,1.941644093143099,1.9848024303113103
NEULANDLAB,0.3113340130463662,0.3207363533129956,0.916504386426439,0.8985859603899223,2.656544879525562,2.699969004896112,1237,1.9185345855137617,1.9503601882639097
NH,0.2466846512480145,0.2661730599332043,0.457483976076262,0.4829793038523597,1.8587885817932863,1.883086214802555,1238,1.959968345154498,1.9513521975743675
NIACL,0.5148954995750225,0.5334821064010593,1.2035434750196097,1.2441184889103785,2.016903460755488,2.05567078436498,1237,1.8896008494997811,1.8810252258706508
NLCINDIA,0.4893417480450462,0.5116558123317813,1.1994565593258386,1.245956575304803,2.1220142999702043,2.161707297754618,1238,1.9182286482503057,1.95765865892508
NUVAMA,0.4613342038802009,0.4993588023950191,1.1575574415144936,1.2243903823736777,2.331611617727523,2.373701219213196,568,1.9542430894677532,2.035511000805131
OLAELEC,0.4362919699971588,0.4325296928258135,1.1556455967718184,1.0822636933619434,2.560105780499443,2.5543173202878746,358,1.9264970975064404,1.899139249194033
ONESOURCE,0.2800898195273659,0.2883130515714585,0.7218049009795199,0.6934882863007754,2.2633794878507896,2.253942009917889,242,1.990265397212671,1.8931585495968355
PAGEIND,0.2680567525093926,0.2707317231946916,1.146944293847992,1.1383868524467218,4.276659642858413,4.290948902074294,1236,1.958437058563036,2.107128412909046
PETRONET,0.3058000980493384,0.3090263280991109,1.394719725908118,1.360556565618058,4.215339612811003,4.251696384218399,1238,1.95312090378436,2.096569809651096
PFIZER,0.2135265850837104,0.2179566876783736,1.056306460668594,1.013276570193752,4.345579256421237,4.377757648869879,1237,1.9539935456225948,2.0948988809312814
PFOCUS,0.3376770623558389,0.3542876382233308,0.9790437417762088,1.003730896261793,2.7990944530675863,2.830371743743069,1238,1.9531083895656056,1.985703374243089
PGEL,0.3937202381784619,0.4123697466466346,1.0942791144256827,1.1439820277462545,2.519743968951007,2.5676957888496554,1238,1.9081730221903763,1.9638899385405388
PGHH,0.1618735847068354,0.1658302873619248,0.7719803438543481,0.7437642849061373,4.566455227384503,4.583056994138506,1237,1.9834957571404763,2.124538310126153
PIIND,0.2927470249614179,0.2944790361039998,1.3425286741356346,1.3140593535292275,4.279220181554791,4.304956978753858,1238,1.94174122616516,2.08158414209114
PINELABS,0.252376447611206,,0.7713111215633042,,2.439421423064577,,43,1.7390279822083252,
PIRAMALFIN,0.1762772668706564,,0.4149569513185288,,2.204767871596113,,46,1.8838530635912365,
PNBHOUSING,0.462783475254312,0.4727846546093903,1.1201002177695676,1.141541959947431,2.1129219495117315,2.167994688892547,1238,1.942544621401582,1.977491417594185
POLYMED,0.2507152908626739,0.2693021739406744,0.5013349818792514,0.5444689503021136,2.1195784009804397,2.153459968951981,1237,1.936483602942512,1.922587930896116
POONAWALLA,0.4516232213254439,0.4650006517975421,1.049947454587458,1.058662747006634,2.077441117943025,2.101816866454504,1238,1.9501592433892845,1.988092586375004
PPLPHARMA,0.4882691487739019,0.4977960298149362,1.1603302402060716,1.1789244006979955,2.023866161089925,2.051357968328449,802,1.8999095884454773,1.8817014689102136
PREMIERENE,0.5071162336435355,0.5273543183133051,1.2215520753866065,1.239027488573644,2.182605861688786,2.1902022278986557,342,1.966880488308268,2.0083010824560144
PSB,0.5815777284229807,0.6001577669497794,1.4234751301046926,1.4579752009480926,2.0439108700616155,2.0754240326311573,1238,1.922154751145156,1.919724323578625
PTCIL,0.2725851463917905,0.2934706383655459,0.6508837573264663,0.7401815363728598,2.506391496808265,2.582517214288439,644,1.8609799284139923,1.8347297184313676
PWL,0.0877945921233187,,0.3569325933509339,,3.426199226744317,,40,2.0523461203528437,
RADICO,0.3179468917755728,0.3344163877746107,0.6365724268406274,0.6796424851733124,1.956884140263311,1.9859344044157168,1237,1.9195053804690947,1.9455408287147404
RAMCOCEM,0.3548797694600167,0.3450343627799672,1.7087440501699962,1.542212122691467,4.315957643991139,4.352467419062139,1236,1.9522900845936808,2.0930482037871805
RBLBANK,0.5383740491424461,0.5582732617440257,1.315060000028888,1.32967564485998,2.000590688294986,2.027488458770987,1238,1.9661153964089124,1.9875698505684132
REDINGTON,0.4096232293916857,0.4247134046609763,0.9176878130828378,0.9344702380059796,2.066852581014769,2.102003642665164,1238,1.93376846063656,1.9127093135622677
RMDRIP,0.1812972490042045,0.189774767373749,0.4278831633995746,0.4730657228181401,2.6573203024287357,2.7255660467767573,1238,1.5404322465720148,1.6456089606632165
RRKABEL,0.4284437002466082,0.4695067682900559,0.7564670123773167,0.8323048684963552,1.715889702373189,1.7884957903694805,569,1.8738537447477568,1.7984527915733264
SAGILITY,0.4611537854237943,0.458270577960679,1.0836881095559958,1.0916877750305247,2.282427499472527,2.309666422519608,293,1.98346689217519,2.0136878636717905
SAILIFE,0.3972817499078665,0.3970902585831929,0.8855125336804139,0.8820709442665117,2.082742916663938,2.134651750730326,268,1.9320515291433416,1.9001631947495736
SARDAEN,0.4705811416867921,0.4832395393831618,1.2839205056794771,1.2797381710570837,2.360341139445828,2.3951822139796675,1238,1.9751155722881677,1.973213028317354
SHYAMMETL,0.5097728679175407,0.5223910407059731,1.0368440997512245,1.045824739194869,1.7246828570726402,1.7746407050939277,1129,1.920308596351756,1.895786894891314
SJVN,0.537573529578499,0.5600434989340017,1.124433004820868,1.1483843479159253,1.7042594518945178,1.722929153054259,1238,1.919920426953806,1.905025196681144
SOBHA,0.4446788961201587,0.4610896020394676,1.1025271908268433,1.1263065423385026,2.176204867860012,2.2364140825930314,1236,1.96029678225578,1.9671565935813613
SONACOMS,0.4348375983898562,0.4517798272534108,0.9288935658882084,0.9482573183420324,1.9015424404482908,1.9244471652852984,1130,1.9389999107203424,1.9462856094121992
STARHEALTH,0.2871923463813753,0.2975562849322276,0.4810488791819763,0.484432981862759,1.7584828910554062,1.7957120493270988,1013,1.955261804219352,1.9505628683196568
SUMICHEM,0.4176320779712912,0.4386204362991463,0.802665902111574,0.8331975541675679,1.7370858021802102,1.7666767826735246,1237,1.9002309896534184,1.9053539722209791
SUNDRMFAST,0.2297257425821633,0.2370433120266356,0.9992565623067668,1.0112544040957092,4.245225272219346,4.2620185735597,1236,1.904286390841803,2.049733662264523
SUNTV,0.3194344049449775,0.3224174455538038,1.5273697905196135,1.4802704157680646,4.296877325420173,4.306576077121909,1237,1.9446119020794743,2.073964252710963
SUPREMEIND,0.3239370699472224,0.3478517516766193,0.6541724908058941,0.6538888478920525,1.8908665313828052,1.909202125314712,1238,1.937883502026592,1.948406155805133
SYNGENE,0.2665994874628136,0.2549212050753078,1.2416283174554668,1.1304125194013943,4.39719192724435,4.443325529060934,1237,1.9589695858216345,2.106893219065997
TATACHEM,0.6101582389652336,0.6092368684573639,1.0775884923627492,1.0652913382794305,1.3981398371422618,1.4386620117778322,1238,1.9259999396587897,1.8705686434806823
TATACOMM,0.4661540278608053,0.4908485881519033,0.8386436271550445,0.8776019820967651,1.6038480304079392,1.6316183159747737,1237,1.934579846487937,1.9144328593476752
TATAELXSI,0.3222012237667755,0.3216856066200408,1.5511018133993564,1.4809186373148506,4.38655161887391,4.406566296139159,1238,1.956031137571776,2.122317021954
TATAINVEST,0.3527419895808809,0.3477252782503381,1.677964435205117,1.563458294885043,4.240234226999704,4.258045024414337,1238,1.9494741905765005,2.083754722238805
TATATECH,0.3638186609993438,0.382181983063483,1.5351747749153268,1.4958451083265232,4.1458318944289365,4.144843026041545,521,1.9830488476449664,2.11346011867281
TBOTEK,0.4367887474237598,0.4548989633890805,0.9617928792090028,0.9607485614242216,2.079987900846481,2.1115092712836163,416,1.980791138474848,2.053371644306625
THERMAX,0.3300247601978256,0.3410875874796282,0.6885828763093126,0.7016217647244568,1.986382156822337,2.0256957392997457,1237,1.9241533338505183,1.9168596971595968
TIINDIA,0.3297485131489416,0.3348481637705907,0.7214208945691112,0.7202102750966176,2.0916400939862405,2.1292998950959783,1237,1.967078300181869,1.9812608898275863
TIMKEN,0.3188276113403548,0.3233746970871109,0.5893250718963754,0.5939686850762711,1.890529307923237,1.924180994112052,1237,1.9326734615433547,1.9209096177701543
TRITURBINE,0.331947406930524,0.3403244774249279,0.8371634614734378,0.8356091875791626,2.3680421389026267,2.41888433369956,1238,1.9242975012710368,1.9272886471799215
TVSHLTD,0.3550679206187881,0.3688455070070247,0.6836241563657407,0.689989729586983,1.792917691391385,1.8318918791381429,1236,1.9267415259134857,1.929619974601609
UBL,0.2771911715000368,0.2717307576942624,1.239089664510188,1.144180001393709,4.170712220395303,4.197868835333883,1237,1.9615703059407212,2.092237547270365
UCOBANK,0.5461416803587211,0.563874466925858,1.1416841231332886,1.197546075166704,1.7936532543281072,1.8340354152786436,1238,1.8914621877823656,1.8780367438805208
URBANCO,0.3345136570448669,0.2939428951767336,1.1701007350334645,1.1113937330647594,2.638130685814045,2.749822265715407,83,1.8627315776026072,1.772699395673432
VENTIVE,0.4736613122993908,0.4850311305114546,1.0435448868300916,1.1451897555354855,2.0898497609629056,2.314627119478224,261,1.9164865703938,1.8668119826548693
VINATIORGA,0.2429902739408569,0.2483792918022487,1.123588579836347,1.0980972964522933,4.229849836589139,4.243348043270637,1236,1.9530493070747323,2.0819709905528487
VOLTAS,0.331882073532375,0.3249671786401944,1.5217200458988116,1.4450744600678436,4.198715907028864,4.241603443248167,1238,1.9678021570714064,2.0939577921836108
WELCORP,0.5137699939533609,0.527933948211113,1.33638676808529,1.3529183643438445,2.205100806361929,2.247872911065683,1238,1.9585639733744835,1.987950402960582
WOCKPHARMA,0.4782717560931758,0.4926834359322319,1.2257590094799846,1.239754567793249,2.212196977596407,2.255814682790921,1238,1.9305615690206213,1.941895642353076
ZENSARTECH,0.4753482174738323,0.4841274797881192,1.0983554392186268,1.1012820802856105,2.0358485323370266,2.069999085761276,1237,1.899954331252099,1.8904485618121456
ZFCVINDIA,0.1905953162011447,0.1790694346696854,0.941075664480942,0.8437768703831006,4.467435383555562,4.50395150236233,1237,1.963624722954936,2.1084577125021027
